date	avg_tx_fee
07.08.2015	0.012073053892215569
08.08.2015	0.015562158590308371
09.08.2015	0.014780046948356806
10.08.2015	0.01664312459651388
11.08.2015	0.0013546191247974068
12.08.2015	0.014467402672864614
13.08.2015	0.010463467951092997
14.08.2015	0.009243008678881387
15.08.2015	0.00516455525606469
16.08.2015	0.004661206535400084
17.08.2015	0.00497116412998766
18.08.2015	0.006410827759197325
19.08.2015	0.004518942033576181
20.08.2015	0.0024884702678166135
21.08.2015	0.002521277705345502
22.08.2015	0.015900143843498273
23.08.2015	0.0021429869810857282
24.08.2015	0.0026138363346250282
25.08.2015	0.001788128681468056
26.08.2015	0.0013798377182198181
27.08.2015	0.0015940608489706687
28.08.2015	0.002204160411752091
29.08.2015	0.0012567807039133645
30.08.2015	0.001446691745961496
31.08.2015	0.001572954014029618
01.09.2015	0.0014947212921016348
02.09.2015	0.0016913766132186155
03.09.2015	0.001598162393162393
04.09.2015	0.0018687702265372166
05.09.2015	0.0021032091479158983
06.09.2015	0.0015893469536665452
07.09.2015	0.0015260752688172044
08.09.2015	0.002401646679792375
09.09.2015	0.0020883363471971067
10.09.2015	0.0017182783466059917
11.09.2015	0.0015743032593292395
12.09.2015	0.001757387190684134
13.09.2015	0.0014075678408899377
14.09.2015	0.0013154182613449971
15.09.2015	0.0015319454817027632
16.09.2015	0.0025784357734806628
17.09.2015	0.0013240891070417217
18.09.2015	0.0013510657352677773
19.09.2015	0.0013443114947038054
20.09.2015	0.001350779014308426
21.09.2015	0.0013505804579168011
22.09.2015	0.0012221282279608193
23.09.2015	0.0013026986506746625
24.09.2015	0.0012824720557265512
25.09.2015	0.001289548611111111
26.09.2015	0.0010452692373025309
27.09.2015	0.0009366011925640127
28.09.2015	0.0009510469909315746
29.09.2015	0.0009698909602532536
30.09.2015	0.0006944675685050294
01.10.2015	0.0009176946250198193
02.10.2015	0.0010443061088977422
03.10.2015	0.0009804079618358284
04.10.2015	0.000924366560461235
05.10.2015	0.0011307195869635367
06.10.2015	0.000952204613211988
07.10.2015	0.0009271361768456851
08.10.2015	0.0009342990246032901
09.10.2015	0.0010764293178086282
10.10.2015	0.0011403330249768733
11.10.2015	0.000979069379586391
12.10.2015	0.0009106602900339402
13.10.2015	0.0008348110681344838
14.10.2015	0.0008911878535278356
15.10.2015	0.001342505557319784
16.10.2015	0.0015510097232610321
17.10.2015	0.0007022198075131947
18.10.2015	0.0008012173913043478
19.10.2015	0.0006914091470951792
20.10.2015	0.000672233676975945
21.10.2015	0.000698970083374203
22.10.2015	0.0007082763584023029
23.10.2015	0.0008210699202252464
24.10.2015	0.0005131979695431472
25.10.2015	0.0008899217755139168
26.10.2015	0.0009156501927795302
27.10.2015	0.0009717243510506799
28.10.2015	0.0010286
29.10.2015	0.0010223746849621956
30.10.2015	0.001535511474134578
31.10.2015	0.001240151202749141
01.11.2015	0.0011497681376215407
02.11.2015	0.0013445606368034963
03.11.2015	0.001201100110011001
04.11.2015	0.001095717160103478
05.11.2015	0.0010428104129753305
06.11.2015	0.0016034739454094294
07.11.2015	0.0016433094609875614
08.11.2015	0.001835759439603622
09.11.2015	0.0012768773135906927
10.11.2015	0.0011873177441540578
11.11.2015	0.0010845595158036315
12.11.2015	0.0009954558011049724
13.11.2015	0.0009913534896863522
14.11.2015	0.002149599887687772
15.11.2015	0.001433572534121289
16.11.2015	0.0011977914110429446
17.11.2015	0.001165798045602606
18.11.2015	0.0012181568842567197
19.11.2015	0.001351338045947993
20.11.2015	0.0014892634606167119
21.11.2015	0.0014258298755186723
22.11.2015	0.0014472605663867937
23.11.2015	0.0014268508287292817
24.11.2015	0.0014667327854916406
25.11.2015	0.0014497150997150998
26.11.2015	0.0011306489553064897
27.11.2015	0.001119610870907968
28.11.2015	0.0010282336997440144
29.11.2015	0.0010291054739652872
30.11.2015	0.002024294617563739
01.12.2015	0.001411866946359005
02.12.2015	0.0012887631620304887
03.12.2015	0.0011311922569291685
04.12.2015	0.0012372002398081535
05.12.2015	0.0013422439759036146
06.12.2015	0.0011169445389588295
07.12.2015	0.0010184788812785388
08.12.2015	0.0009153881209175149
09.12.2015	0.0009313395729745541
10.12.2015	0.0010092887841397478
11.12.2015	0.001174927612529613
12.12.2015	0.0011885689729265148
13.12.2015	0.0012223576652803671
14.12.2015	0.0012214322984607357
15.12.2015	0.001420934065934066
16.12.2015	0.0012679682733374009
17.12.2015	0.0012719813829787235
18.12.2015	0.0013764551422319475
19.12.2015	0.0012227995612832466
20.12.2015	0.0015097129374754227
21.12.2015	0.0019195311730522998
22.12.2015	0.001680203652084874
23.12.2015	0.002077870447595218
24.12.2015	0.002016746889474162
25.12.2015	0.0012534187475486992
26.12.2015	0.001657663830257487
27.12.2015	0.0011906912209889002
28.12.2015	0.0012506228409923585
29.12.2015	0.001306137907987078
30.12.2015	0.0014000405679513183
31.12.2015	0.0014285845693917444
01.01.2016	0.0011584145021645022
02.01.2016	0.0011729073482428115
03.01.2016	0.0011571989363049259
04.01.2016	0.0012047298140521652
05.01.2016	0.0012071384078734273
06.01.2016	0.0014025816338559473
07.01.2016	0.0020129864706864876
08.01.2016	0.001463708905202681
09.01.2016	0.0020515670402656704
10.01.2016	0.0014617336626993039
11.01.2016	0.0013265129371007904
12.01.2016	0.0015868406918036308
13.01.2016	0.001865843888708455
14.01.2016	0.0017763905783478933
15.01.2016	0.0018939903292654848
16.01.2016	0.002068571135501077
17.01.2016	0.0017803522590526199
18.01.2016	0.0027531701512833588
19.01.2016	0.0028814997212414047
20.01.2016	0.001911713894448541
21.01.2016	0.002172577025096919
22.01.2016	0.0023521629972962535
23.01.2016	0.0018168913713405238
24.01.2016	0.0029056105892399657
25.01.2016	0.0038762899931926486
26.01.2016	0.00479741444345381
27.01.2016	0.0050628603022484335
28.01.2016	0.0033669097920858483
29.01.2016	0.00405129909365559
30.01.2016	0.004325553829804627
31.01.2016	0.004297182869239538
01.02.2016	0.003748998905052401
02.02.2016	0.0038776831745039836
03.02.2016	0.003689603921873784
04.02.2016	0.004597157099462575
05.02.2016	0.004458910710374535
06.02.2016	0.008364641194413228
07.02.2016	0.007397849211895334
08.02.2016	0.005984546827794562
09.02.2016	0.008692685851318945
10.02.2016	0.013630553799468958
11.02.2016	0.007298497121605787
12.02.2016	0.009198480058365759
13.02.2016	0.00833422884427314
14.02.2016	0.0072916867147821435
15.02.2016	0.00780296524804835
16.02.2016	0.007818520797440316
17.02.2016	0.0062568930562595035
18.02.2016	0.005122892508143322
19.02.2016	0.006035185072999333
20.02.2016	0.00602096313603323
21.02.2016	0.0055427290961514355
22.02.2016	0.006640500297796308
23.02.2016	0.008728567220454814
24.02.2016	0.013277359105223152
25.02.2016	0.007679677223235505
26.02.2016	0.007751569049507193
27.02.2016	0.007025282103362672
28.02.2016	0.007495185534416773
29.02.2016	0.008353112769399365
01.03.2016	0.008303811375789985
02.03.2016	0.011191962005466195
03.03.2016	0.010410017380982661
04.03.2016	0.010878179937952431
05.03.2016	0.01060817043372022
06.03.2016	0.010984632480704732
07.03.2016	0.012495090982250637
08.03.2016	0.010965585422589817
09.03.2016	0.008051032611000382
10.03.2016	0.007568688763810715
11.03.2016	0.0069531065021914955
12.03.2016	0.007021719319562575
13.03.2016	0.00872522323103474
14.03.2016	0.0084375
15.03.2016	0.006882359737165139
16.03.2016	0.006727702257852136
17.03.2016	0.006822339454194989
18.03.2016	0.005960278543943882
19.03.2016	0.011876993084453493
20.03.2016	0.00913068824080354
21.03.2016	0.006274732282927495
22.03.2016	0.006885979931232896
23.03.2016	0.009108094521578552
24.03.2016	0.01014714780862298
25.03.2016	0.011112791824508854
26.03.2016	0.008403257980904886
27.03.2016	0.0054900941437076006
28.03.2016	0.005485965156309768
29.03.2016	0.006301986530951136
30.03.2016	0.008003682277318642
31.03.2016	0.006218557455585867
01.04.2016	0.00578560998908297
02.04.2016	0.00583131909145843
03.04.2016	0.005669921875
04.04.2016	0.006096774088009161
05.04.2016	0.00601973635235732
06.04.2016	0.005391897817493273
07.04.2016	0.005298740641065452
08.04.2016	0.00528833726536055
09.04.2016	0.004969628647214854
10.04.2016	0.00466660777385159
11.04.2016	0.004495661812352921
12.04.2016	0.004633469439035115
13.04.2016	0.006178841562269713
14.04.2016	0.006712342050240902
15.04.2016	0.0043580190898702695
16.04.2016	0.0041277925130099044
17.04.2016	0.005527984121766832
18.04.2016	0.004581221176321941
19.04.2016	0.004473362543896389
20.04.2016	0.004461463839113059
21.04.2016	0.00536116139413269
22.04.2016	0.004247956813348601
23.04.2016	0.00396906639204454
24.04.2016	0.004271568564862104
25.04.2016	0.004061352748361069
26.04.2016	0.003997700299121932
27.04.2016	0.003676111669866813
28.04.2016	0.00387699189264747
29.04.2016	0.003557722772277228
30.04.2016	0.0038137755469631832
01.05.2016	0.004566470723835868
02.05.2016	0.0044719731339500695
03.05.2016	0.0052940902458188345
04.05.2016	0.004850472765241603
05.05.2016	0.005049512954551947
06.05.2016	0.004991275868065619
07.05.2016	0.004851739779170397
08.05.2016	0.004973254191854263
09.05.2016	0.0048464313880126186
10.05.2016	0.004881953443724502
11.05.2016	0.004945248524090649
12.05.2016	0.005525575627838981
13.05.2016	0.006223791488089305
14.05.2016	0.005610065352615417
15.05.2016	0.005062508417508418
16.05.2016	0.004959726625590716
17.05.2016	0.005625283202071421
18.05.2016	0.0062489230915848655
19.05.2016	0.006862364544319601
20.05.2016	0.0077260265715649095
21.05.2016	0.006783789561499557
22.05.2016	0.006872938165836834
23.05.2016	0.007093723970944311
24.05.2016	0.0067142240844965655
25.05.2016	0.006499451316359436
26.05.2016	0.006650105813519234
27.05.2016	0.0067351074951138585
28.05.2016	0.009802823606129768
29.05.2016	0.007077035731076634
30.05.2016	0.0073957333920144745
31.05.2016	0.007403565162467541
01.06.2016	0.00806976594904207
02.06.2016	0.007190449158971407
03.06.2016	0.0070276269645408495
04.06.2016	0.00713746013986014
05.06.2016	0.006957997477655316
06.06.2016	0.007277121820615797
07.06.2016	0.007345812212738017
08.06.2016	0.00749413581068491
09.06.2016	0.007412278098669917
10.06.2016	0.007479523873211181
11.06.2016	0.006953116311399444
12.06.2016	0.007111184471803018
13.06.2016	0.008019629471486859
14.06.2016	0.008918406287571803
15.06.2016	0.00943857636901948
16.06.2016	0.009531208445414404
17.06.2016	0.013135049476028771
18.06.2016	0.00935672369225912
19.06.2016	0.0060135343994848125
20.06.2016	0.0062634290044983375
21.06.2016	0.010855920086653027
22.06.2016	0.00740447649669414
23.06.2016	0.0066917893660531705
24.06.2016	0.0068821289303519426
25.06.2016	0.0070244274371542405
26.06.2016	0.00693341117388575
27.06.2016	0.006794238836085594
28.06.2016	0.006949721107740483
29.06.2016	0.01160510875697361
30.06.2016	0.016468209920920202
01.07.2016	0.006292552405090026
02.07.2016	0.005972969907956854
03.07.2016	0.006077237783629931
04.07.2016	0.005795304679431159
05.07.2016	0.005782239173361465
06.07.2016	0.005202003874896208
07.07.2016	0.005095476633581473
08.07.2016	0.0050050886382989705
09.07.2016	0.005585692517443259
10.07.2016	0.005289764345626415
11.07.2016	0.005337060444012316
12.07.2016	0.0051978464762902805
13.07.2016	0.005089244951712028
14.07.2016	0.005146027664036753
15.07.2016	0.005582614402635507
16.07.2016	0.005968387307107151
17.07.2016	0.0056420594107326515
18.07.2016	0.005739797990594271
19.07.2016	0.005326947719423604
20.07.2016	0.006164700446287698
21.07.2016	0.006366871090094084
22.07.2016	0.006421842657106136
23.07.2016	0.0074318627058478125
24.07.2016	0.007216184738955823
25.07.2016	0.0065461892985611515
26.07.2016	0.0070558373039406146
27.07.2016	0.006047987264043666
28.07.2016	0.0069500168302219
29.07.2016	0.006522244355909695
30.07.2016	0.006096607169198996
31.07.2016	0.005921264338254205
01.08.2016	0.005794730569507108
02.08.2016	0.005490080101998392
03.08.2016	0.004174941730978402
04.08.2016	0.004931293260473589
05.08.2016	0.005419699474523233
06.08.2016	0.005055006211180124
07.08.2016	0.004988789929937063
08.08.2016	0.005353364063740156
09.08.2016	0.005490351349055803
10.08.2016	0.0062676050696649785
11.08.2016	0.00612202685334573
12.08.2016	0.006123652460723896
13.08.2016	0.005522857053409305
14.08.2016	0.005425809493869852
15.08.2016	0.005347380354929407
16.08.2016	0.00575289145793192
17.08.2016	0.005515245660654719
18.08.2016	0.006330608390306191
19.08.2016	0.005558904890489049
20.08.2016	0.005081442010188455
21.08.2016	0.005451057411112821
22.08.2016	0.005560467025191055
23.08.2016	0.005510590902649851
24.08.2016	0.005455836012434573
25.08.2016	0.0055902184609328874
26.08.2016	0.006145487440348209
27.08.2016	0.005604321640963613
28.08.2016	0.005252026373094604
29.08.2016	0.0055395297857182
30.08.2016	0.005402023074859136
31.08.2016	0.005579957266158733
01.09.2016	0.005926881401617251
02.09.2016	0.008366954846591177
03.09.2016	0.005860605975749769
04.09.2016	0.011789872586365428
05.09.2016	0.005601596842199695
06.09.2016	0.00628341153322234
07.09.2016	0.006569934048230378
08.09.2016	0.006711878404881237
09.09.2016	0.007148302878026496
10.09.2016	0.005556633330383219
11.09.2016	0.006262015206884357
12.09.2016	0.006370335429769392
13.09.2016	0.006454103352629041
14.09.2016	0.006670832396456356
15.09.2016	0.0068859860596719655
16.09.2016	0.007247745831915617
17.09.2016	0.007019415887213329
18.09.2016	0.007097123990212181
19.09.2016	0.005774190691424382
20.09.2016	0.006282542942043341
21.09.2016	0.007003767337248531
22.09.2016	0.013965792479660582
23.09.2016	0.018755426202919447
24.09.2016	0.02283573422347558
25.09.2016	0.021858858327950228
26.09.2016	0.018779379222848377
27.09.2016	0.029153935606360256
28.09.2016	0.010269267986176563
29.09.2016	0.008871596446963675
30.09.2016	0.008414740605564039
01.10.2016	0.009265732902502204
02.10.2016	0.009328771551724138
03.10.2016	0.009973984144084418
04.10.2016	0.010938290898002743
05.10.2016	0.008034120299339325
06.10.2016	0.007481958503840908
07.10.2016	0.006986310843159854
08.10.2016	0.006445227899550007
09.10.2016	0.0063947170050359485
10.10.2016	0.006267092423394866
11.10.2016	0.006062598509052183
12.10.2016	0.006275194366197183
13.10.2016	0.020816541299520024
14.10.2016	0.011934410840373862
15.10.2016	0.021634412506689092
16.10.2016	0.015801254834550922
17.10.2016	0.0157351916116273
18.10.2016	0.014998760659465605
19.10.2016	0.030584680503350222
20.10.2016	0.015877526270862155
21.10.2016	0.007884396643580182
22.10.2016	0.007207457266524832
23.10.2016	0.00809210719388346
24.10.2016	0.008760516202495612
25.10.2016	0.00777240114707991
26.10.2016	0.006772346432441681
27.10.2016	0.007465670826384496
28.10.2016	0.007273970829650209
29.10.2016	0.0075055864855406735
30.10.2016	0.006862803778979426
31.10.2016	0.0069213112000671845
01.11.2016	0.007761739591754244
02.11.2016	0.006183729156139464
03.11.2016	0.0064289722646609475
04.11.2016	0.006097804177045411
05.11.2016	0.006122965097455158
06.11.2016	0.006071454598455035
07.11.2016	0.006010541657991017
08.11.2016	0.006135511302805053
09.11.2016	0.00681926374501992
10.11.2016	0.007609591463225486
11.11.2016	0.010682452818664876
12.11.2016	0.006405158417641
13.11.2016	0.006268254372559009
14.11.2016	0.0067797376052253725
15.11.2016	0.006242459364737699
16.11.2016	0.006287653079875708
17.11.2016	0.006186503906843817
18.11.2016	0.006452160695513822
19.11.2016	0.005852351087198752
20.11.2016	0.006111580238786319
21.11.2016	0.0061405115288896885
22.11.2016	0.005586250564382619
23.11.2016	0.005229151780781555
24.11.2016	0.00645671773020865
25.11.2016	0.0035758769515337016
26.11.2016	0.005507040404040404
27.11.2016	0.005441718331689447
28.11.2016	0.005684886102662778
29.11.2016	0.005913185211623688
30.11.2016	0.004755431360201511
01.12.2016	0.004717573041168659
02.12.2016	0.005084339687250314
03.12.2016	0.004231537228867396
04.12.2016	0.004608320488012857
05.12.2016	0.004537872575532874
06.12.2016	0.004004294910480789
07.12.2016	0.004811115638734464
08.12.2016	0.2020232510795805
09.12.2016	0.004857259913779924
10.12.2016	0.005000406552672486
11.12.2016	0.004639400979530328
12.12.2016	0.004856118969436727
13.12.2016	0.00500223177560173
14.12.2016	0.004914229493589426
15.12.2016	0.005072478793590952
16.12.2016	0.004790967638061504
17.12.2016	0.004667608709411988
18.12.2016	0.005061708092584362
19.12.2016	0.004769584157357422
20.12.2016	0.007018001081958344
21.12.2016	0.0058309557109557115
22.12.2016	0.004781183362130726
23.12.2016	0.004444318727651171
24.12.2016	0.004245452815829528
25.12.2016	0.00428994048008372
26.12.2016	0.004005608134257468
27.12.2016	0.004648807015545812
28.12.2016	0.004510008116883117
29.12.2016	0.004897379601597679
30.12.2016	0.005377969222675259
31.12.2016	0.004809061040982189
01.01.2017	0.004515087492696128
02.01.2017	0.004829650298747384
03.01.2017	0.005976370106761566
04.01.2017	0.0058199133886683505
05.01.2017	0.00645396156109041
06.01.2017	0.005805556794735961
07.01.2017	0.005832648544350491
08.01.2017	0.005902653647329121
09.01.2017	0.006103522835143972
10.01.2017	0.006698795241202751
11.01.2017	0.006555076379785442
12.01.2017	0.006101609228481665
13.01.2017	0.005852870768213797
14.01.2017	0.0057294554383093155
15.01.2017	0.00589941694295187
16.01.2017	0.005974387202886248
17.01.2017	0.006649450263821382
18.01.2017	0.006186074515977573
19.01.2017	0.0056351250710631046
20.01.2017	0.006100799321124524
21.01.2017	0.0062681320861678
22.01.2017	0.007178120994616765
23.01.2017	0.0066622973735853104
24.01.2017	0.007157211526906531
25.01.2017	0.006564882042443176
26.01.2017	0.00639647217377517
27.01.2017	0.006360565593087195
28.01.2017	0.006188046230939167
29.01.2017	0.006272022847911378
30.01.2017	0.006368300970873786
31.01.2017	0.00651942810958446
01.02.2017	0.00679200786112021
02.02.2017	0.006567551207757187
03.02.2017	0.006360527855805243
04.02.2017	0.006272142680480365
05.02.2017	0.006659418224052371
06.02.2017	0.007132629415542711
07.02.2017	0.0075133407862865665
08.02.2017	0.007143705112960761
09.02.2017	0.006656484157358952
10.02.2017	0.006803418522860492
11.02.2017	0.007149610561056106
12.02.2017	0.008057514442878071
13.02.2017	0.01017433506638594
14.02.2017	0.007563680039932613
15.02.2017	0.009563139104075446
16.02.2017	0.0076173573259663
17.02.2017	0.007834544785276074
18.02.2017	0.007828642619225903
19.02.2017	0.008062929965324357
20.02.2017	0.008323523416646446
21.02.2017	0.008683599843592436
22.02.2017	0.008261051983247105
23.02.2017	0.008317445515234953
24.02.2017	0.008243769836739353
25.02.2017	0.008643678655012657
26.02.2017	0.008789225342109002
27.02.2017	0.00925698366954851
28.02.2017	0.010390761289273666
01.03.2017	0.011915004943968358
02.03.2017	0.01122837803876891
03.03.2017	0.011826551232042622
04.03.2017	0.012369345049555532
05.03.2017	0.011809628599131572
06.03.2017	0.012089199789140748
07.03.2017	0.01235722970843914
08.03.2017	0.011279062922426197
09.03.2017	0.010314623831428995
10.03.2017	0.01223252267106348
11.03.2017	0.011319568331762488
12.03.2017	0.013314068535825544
13.03.2017	0.018352531654834223
14.03.2017	0.02063394852093738
15.03.2017	0.016726586806792544
16.03.2017	0.02073411984818517
17.03.2017	0.03109398076668578
18.03.2017	0.025332482525720568
19.03.2017	0.019858186509808275
20.03.2017	0.024994743126660498
21.03.2017	0.024685665619546247
22.03.2017	0.02554692868376482
23.03.2017	0.025504363930517714
24.03.2017	0.02916308912294088
25.03.2017	0.030635518597846932
26.03.2017	0.030173695144512173
27.03.2017	0.030927799727790476
28.03.2017	0.028952937376173656
29.03.2017	0.030614246123981507
30.03.2017	0.031377000550021385
31.03.2017	0.029991019182997514
01.04.2017	0.029240854569387544
02.04.2017	0.0293811723183391
03.04.2017	0.027153674587321232
04.04.2017	0.02679533084718506
05.04.2017	0.02679216520685286
06.04.2017	0.026673305965043227
07.04.2017	0.028131424172639533
08.04.2017	0.024493152054214314
09.04.2017	0.0270431005082529
10.04.2017	0.0268027466220648
11.04.2017	0.02750323221180364
12.04.2017	0.027512416439907515
13.04.2017	0.027998147911972675
14.04.2017	0.03035139561990062
15.04.2017	0.029296125681896372
16.04.2017	0.030885243712055508
17.04.2017	0.031145656410256413
18.04.2017	0.030912019733202185
19.04.2017	0.03395313036340571
20.04.2017	0.03306458859788785
21.04.2017	0.03383261024125891
22.04.2017	0.031701281741650565
23.04.2017	0.031062622078030115
24.04.2017	0.03650933324820023
25.04.2017	0.03507598685507722
26.04.2017	0.03176633863131022
27.04.2017	0.033673573615525206
28.04.2017	0.041182932786135676
29.04.2017	0.04599308571277075
30.04.2017	0.04304829506913645
01.05.2017	0.0531856803140774
02.05.2017	0.0503921384965625
03.05.2017	0.049158427334071914
04.05.2017	0.0499901678856383
05.05.2017	0.05825045913940937
06.05.2017	0.05296151633850839
07.05.2017	0.05485435460652591
08.05.2017	0.052839327311247665
09.05.2017	0.05077518214681425
10.05.2017	0.050897847120030586
11.05.2017	0.051944700067256676
12.05.2017	0.05219233652494623
13.05.2017	0.05494066211681309
14.05.2017	0.05232184327796009
15.05.2017	0.056314848462518295
16.05.2017	0.05720304956097999
17.05.2017	0.06134130331776469
18.05.2017	0.05870006233988876
19.05.2017	0.06300033086183529
20.05.2017	0.07996519633507854
21.05.2017	0.07549416651427675
22.05.2017	0.08458608290560142
23.05.2017	0.09280064725607379
24.05.2017	0.10160393692216142
25.05.2017	0.10779579019866796
26.05.2017	0.09972474820589443
27.05.2017	0.08941058374201744
28.05.2017	0.08787659069611493
29.05.2017	0.10073664463001623
30.05.2017	0.12272236200472905
31.05.2017	0.6268076813672011
01.06.2017	0.13843451865476236
02.06.2017	0.13356559720294103
03.06.2017	0.13017734812872897
04.06.2017	0.18015308533263685
05.06.2017	0.1450588738283094
06.06.2017	0.1474864506090455
07.06.2017	0.16365710525471064
08.06.2017	0.1562070502946455
09.06.2017	0.15833380356901844
10.06.2017	0.16279711248611772
11.06.2017	0.18977888444960125
12.06.2017	0.24074577460470414
13.06.2017	0.24078732055587776
14.06.2017	0.2156533140782797
15.06.2017	0.2053640614190827
16.06.2017	0.19308434139678624
17.06.2017	0.1887483070539419
18.06.2017	0.19247070988401127
19.06.2017	0.1916119707936277
20.06.2017	0.734630378302235
21.06.2017	1.3262125457745648
22.06.2017	0.5705429350912602
23.06.2017	0.32734283731410546
24.06.2017	0.5138489938018594
25.06.2017	0.266815656208599
26.06.2017	0.29743213940128155
27.06.2017	0.21295491061146568
28.06.2017	0.5990575257635957
29.06.2017	0.2879336447823655
30.06.2017	0.20358828206124957
01.07.2017	0.22241566968161688
02.07.2017	0.20477958091911225
03.07.2017	0.22763922885215335
04.07.2017	0.18104034913322828
05.07.2017	0.18946633851417966
06.07.2017	0.18396263299486224
07.07.2017	0.19141172918744606
08.07.2017	0.1628347828166858
09.07.2017	0.1837879263123203
10.07.2017	0.15416973818372504
11.07.2017	0.14064936613660825
12.07.2017	0.1528505238444209
13.07.2017	0.1423643200414951
14.07.2017	0.1217417451498217
15.07.2017	0.1292398798425523
16.07.2017	0.10436276677305871
17.07.2017	0.09973969037517409
18.07.2017	0.12320155833088153
19.07.2017	0.13873944004898256
20.07.2017	0.11522825245381942
21.07.2017	0.19900623854531763
22.07.2017	0.13387323066362428
23.07.2017	0.13681144040364598
24.07.2017	0.14960974693125698
25.07.2017	0.14924288396234228
26.07.2017	0.13481611540718447
27.07.2017	0.1428155861711284
28.07.2017	0.13656772563543199
29.07.2017	0.11421931765374091
30.07.2017	0.12357966099598662
31.07.2017	0.10973746444082244
01.08.2017	0.1341286307631035
02.08.2017	0.1467681686622907
03.08.2017	0.14230766325543207
04.08.2017	0.13082304797102057
05.08.2017	0.1430797579718655
06.08.2017	0.1698397480235939
07.08.2017	0.1725680942100672
08.08.2017	0.16616629522832738
09.08.2017	0.19321411641654007
10.08.2017	0.19313250677021726
11.08.2017	0.20374630684975606
12.08.2017	0.2285493136636163
13.08.2017	0.19192275070251577
14.08.2017	0.1966935103424607
15.08.2017	0.1859545987858146
16.08.2017	0.38090517687290815
17.08.2017	0.42313942303974017
18.08.2017	0.35043797259409404
19.08.2017	0.207593619130942
20.08.2017	0.1917180369025605
21.08.2017	0.18430048543849192
22.08.2017	0.2161145291080273
23.08.2017	0.19526552337451122
24.08.2017	0.22849273348034316
25.08.2017	0.21503295206379808
26.08.2017	0.20787604226514203
27.08.2017	0.21708468492390617
28.08.2017	0.22574443740893313
29.08.2017	0.28883720822839326
30.08.2017	0.2717273108092237
31.08.2017	0.46912674298536505
01.09.2017	0.32144720731451465
02.09.2017	0.6870239526499219
03.09.2017	0.2498987417966695
04.09.2017	0.26820315281909646
05.09.2017	0.2677780227663784
06.09.2017	0.3509598435636015
07.09.2017	0.35691748913655164
08.09.2017	0.42438909676334324
09.09.2017	0.2828995168116898
10.09.2017	0.32515094529268174
11.09.2017	0.2375935497944283
12.09.2017	0.23966934361207481
13.09.2017	0.22430526651804872
14.09.2017	0.21806354874635436
15.09.2017	0.23799248455242
16.09.2017	0.34308669148408877
17.09.2017	0.23589394330071178
18.09.2017	0.2074704875831129
19.09.2017	0.24050675651385905
20.09.2017	0.2608638316471534
21.09.2017	0.19210906115606402
22.09.2017	0.19176339421389565
23.09.2017	0.24439286463850718
24.09.2017	0.2278768558683425
25.09.2017	0.18573397969952551
26.09.2017	0.19686698376257827
27.09.2017	0.18455234158627096
28.09.2017	0.20524566915588224
29.09.2017	0.1868414553264062
30.09.2017	0.21857714759293334
01.10.2017	0.20108994225500113
02.10.2017	0.2209253525093815
03.10.2017	0.19381303976579653
04.10.2017	0.2114240690784059
05.10.2017	0.1893093412614834
06.10.2017	0.19551472482488041
07.10.2017	0.19160170222016387
08.10.2017	0.20439606667013022
09.10.2017	0.20562965161475505
10.10.2017	0.20070066269908662
11.10.2017	0.21289630881532626
12.10.2017	0.20205404344903233
13.10.2017	0.20378444487047376
14.10.2017	0.223084457271346
15.10.2017	0.22093389582774375
16.10.2017	0.14928587534844645
17.10.2017	0.11825605422654462
18.10.2017	0.12122161911547163
19.10.2017	0.10357838540295143
20.10.2017	0.10192676302116482
21.10.2017	0.08769781662269129
22.10.2017	0.07726657704147809
23.10.2017	0.10114494142933331
24.10.2017	0.10487935051672725
25.10.2017	0.09923291061498375
26.10.2017	0.09303985259054333
27.10.2017	0.08566513745761402
28.10.2017	0.07030950799902697
29.10.2017	0.0704481931673012
30.10.2017	0.0903092990371823
31.10.2017	0.1087958121904671
01.11.2017	0.12927871547861455
02.11.2017	0.12858351051404773
03.11.2017	0.09874895448498115
04.11.2017	0.09251631376165993
05.11.2017	0.08171935077395809
06.11.2017	0.0703455320055639
07.11.2017	0.09918838255790434
08.11.2017	0.11281441323605602
09.11.2017	0.14167425430466807
10.11.2017	0.1293880429795746
11.11.2017	0.13070220469950916
12.11.2017	0.15143708767387615
13.11.2017	0.13844072466826304
14.11.2017	0.15066209266605837
15.11.2017	0.15289924085314127
16.11.2017	0.13911599644741302
17.11.2017	0.14739320160320643
18.11.2017	0.11618639332689842
19.11.2017	0.12788508901798828
20.11.2017	0.15705788980441635
21.11.2017	0.17118146108831708
22.11.2017	0.16084083395131152
23.11.2017	0.16138591276360692
24.11.2017	0.16835163190415942
25.11.2017	0.16531920218337812
26.11.2017	0.19268572446221344
27.11.2017	0.22472663989592329
28.11.2017	0.2165221198723193
29.11.2017	0.2193059498440286
30.11.2017	0.18274759211991878
01.12.2017	0.19411568807637003
02.12.2017	0.16746229314222766
03.12.2017	0.1781856834257312
04.12.2017	0.2646689955063765
05.12.2017	0.3908484821281767
06.12.2017	0.477150445795782
07.12.2017	0.6632812437116219
08.12.2017	0.6852593752450753
09.12.2017	0.6752337912480543
10.12.2017	0.5690950367132532
11.12.2017	0.41552495090869795
12.12.2017	0.5311752479833548
13.12.2017	0.6408233002757042
14.12.2017	0.7650906029570052
15.12.2017	0.6591338332818598
16.12.2017	0.6288407662226758
17.12.2017	0.5398580197265002
18.12.2017	0.5236148663510004
19.12.2017	0.7009425185137846
20.12.2017	0.847439377599512
21.12.2017	0.9014864148434887
22.12.2017	0.8169875678423011
23.12.2017	0.6077386323560218
24.12.2017	0.5546301002070868
25.12.2017	0.4886659876413384
26.12.2017	0.5139519622351351
27.12.2017	0.5173114188503866
28.12.2017	0.4914605044262612
29.12.2017	0.46532762871259675
30.12.2017	0.4514772289965492
31.12.2017	0.4733046420198284
01.01.2018	0.4711971004826253
02.01.2018	0.5230470143655964
03.01.2018	0.6109910310097968
04.01.2018	0.7601718000410805
05.01.2018	1.9265515340251729
06.01.2018	2.2591363923948573
07.01.2018	1.9090606487578177
08.01.2018	2.126996158398978
09.01.2018	2.1219656490670795
10.01.2018	2.9645174156421708
11.01.2018	2.5629544262802804
12.01.2018	1.798266899851131
13.01.2018	2.114811974347608
14.01.2018	2.1392656777867436
15.01.2018	1.8905186097592326
16.01.2018	1.773624570198879
17.01.2018	1.3420270266570642
18.01.2018	1.4870972726496634
19.01.2018	1.3940646507048566
20.01.2018	1.4754566222276606
21.01.2018	1.2154443755915743
22.01.2018	0.9578282034586111
23.01.2018	1.060355758833921
24.01.2018	1.0101909521836934
25.01.2018	1.0133381049541978
26.01.2018	0.8288771779761562
27.01.2018	0.8430390981662597
28.01.2018	0.8933512414999027
29.01.2018	1.2496839940237887
30.01.2018	0.9991159024039609
31.01.2018	0.9163609575017834
01.02.2018	1.204177566257771
02.02.2018	0.9830682380187289
03.02.2018	0.7603946559251543
04.02.2018	0.7970325504611622
05.02.2018	0.6229628176820946
06.02.2018	0.5270092734463815
07.02.2018	0.59180371226962
08.02.2018	0.54726331937642
09.02.2018	0.5519864135922269
10.02.2018	0.6523213758532582
11.02.2018	0.5900643968415932
12.02.2018	0.49645736982368344
13.02.2018	0.5278378302380542
14.02.2018	0.533359529746703
15.02.2018	0.5854736877251107
16.02.2018	0.5966122224622763
17.02.2018	0.6386157852680402
18.02.2018	0.696927974981494
19.02.2018	0.5924684759115677
20.02.2018	0.610994823129618
21.02.2018	0.5693356976830464
22.02.2018	0.4762285693735284
23.02.2018	0.4817407529616569
24.02.2018	0.5965408238749029
25.02.2018	0.48845130874065673
26.02.2018	0.45975422890992723
27.02.2018	0.4861305364846954
28.02.2018	0.5729698563884157
01.03.2018	0.4901122908548214
02.03.2018	0.5619515830977886
03.03.2018	0.4538833564418294
04.03.2018	0.478759712107065
05.03.2018	0.5532618666129682
06.03.2018	0.48172843840113266
07.03.2018	0.467608542572548
08.03.2018	0.42833109618094606
09.03.2018	0.37288762325102726
10.03.2018	0.33347329901003564
11.03.2018	0.30161018419810554
12.03.2018	0.3641261229216494
13.03.2018	0.2797108210798546
14.03.2018	0.29521626659988653
15.03.2018	0.27026954599677216
16.03.2018	0.29999542411042224
17.03.2018	0.2205138955200046
18.03.2018	0.23250180967315337
19.03.2018	0.2246277326015201
20.03.2018	0.22913461589501757
21.03.2018	0.25040857452882637
22.03.2018	0.2525368238067418
23.03.2018	0.25694699263376436
24.03.2018	0.22873812346959949
25.03.2018	0.21906386540017975
26.03.2018	0.28061682684726813
27.03.2018	0.20648894909547102
28.03.2018	0.19188588747172786
29.03.2018	0.2082191297522409
30.03.2018	0.14748810209205657
31.03.2018	0.14153335751840168
01.04.2018	0.14115741647995564
02.04.2018	0.14131084029507646
03.04.2018	0.1436479666127511
04.04.2018	0.14497448237096813
05.04.2018	0.18986914720135153
06.04.2018	0.16489217606989923
07.04.2018	0.1214668732425063
08.04.2018	0.13228758460481269
09.04.2018	0.14448923890471724
10.04.2018	0.15837048592890235
11.04.2018	0.16821781201277156
12.04.2018	0.1854544978050029
13.04.2018	0.23914346965205724
14.04.2018	0.2024442041633748
15.04.2018	0.19000796600162867
16.04.2018	0.2083961794739836
17.04.2018	0.1964267611246778
18.04.2018	0.2252441188632264
19.04.2018	0.21106928769805763
20.04.2018	0.22357122550891895
21.04.2018	0.21831299488150652
22.04.2018	0.2136504351254866
23.04.2018	0.23176379598397212
24.04.2018	0.2899063510705976
25.04.2018	0.29834962632665973
26.04.2018	0.28554677274962675
27.04.2018	0.30695106463589034
28.04.2018	0.3396166020164843
29.04.2018	0.3489893556099771
30.04.2018	0.3598658705534534
01.05.2018	0.30545426127572917
02.05.2018	0.31080916118669494
03.05.2018	0.3532827488656485
04.05.2018	0.32581468574295297
05.05.2018	0.32526259049064427
06.05.2018	0.3478798753136296
07.05.2018	0.33540593576054173
08.05.2018	0.37326681026441694
09.05.2018	0.36605781297761425
10.05.2018	0.45598172747899424
11.05.2018	0.4241603451476022
12.05.2018	0.31077726718765425
13.05.2018	0.3331188603953159
14.05.2018	0.4408403737185611
15.05.2018	0.45276573193386865
16.05.2018	0.4466288415901961
17.05.2018	0.4954522408304188
18.05.2018	0.42041557223185694
19.05.2018	0.403856466689677
20.05.2018	0.40305231042954104
21.05.2018	0.4531671317813409
22.05.2018	0.48599267794504786
23.05.2018	0.4336031046800048
24.05.2018	0.3664550862855173
25.05.2018	0.38634053605884755
26.05.2018	0.343561459924419
27.05.2018	0.3158959544774637
28.05.2018	0.3928584749911898
29.05.2018	0.3921831455124658
30.05.2018	0.45234053953533104
31.05.2018	0.5032938787051987
01.06.2018	0.45190516328687547
02.06.2018	0.3175622885919934
03.06.2018	0.3135764293979343
04.06.2018	0.39490627765638003
05.06.2018	0.3460543368076662
06.06.2018	0.3731673453783861
07.06.2018	0.37970555219366836
08.06.2018	0.33986896478080536
09.06.2018	0.2559817520250025
10.06.2018	0.2375205567522784
11.06.2018	0.23602753961392203
12.06.2018	0.24933841785173977
13.06.2018	0.23266638527930505
14.06.2018	0.23661038033081191
15.06.2018	0.2939849611547763
16.06.2018	0.34178007428478513
17.06.2018	0.16516240037031915
18.06.2018	0.18386413476538763
19.06.2018	0.23362393118558936
20.06.2018	0.22408561215357928
21.06.2018	0.21503408469517013
22.06.2018	0.5565788274966182
23.06.2018	0.18011643160415222
24.06.2018	0.19810100327428426
25.06.2018	0.20242157571963676
26.06.2018	0.16351012923457692
27.06.2018	0.1522662318725392
28.06.2018	0.1537141426158456
29.06.2018	0.15111307893045844
30.06.2018	0.6535591705122716
01.07.2018	1.229388545492415
02.07.2018	1.4888065155244161
03.07.2018	1.6022396608714233
04.07.2018	0.8303467481928701
05.07.2018	0.7087983721987015
06.07.2018	1.2767523382753012
07.07.2018	0.9848491310308746
08.07.2018	0.627011318786372
09.07.2018	0.42158986489752515
10.07.2018	0.3471357232733142
11.07.2018	0.27420073468738676
12.07.2018	0.4187468055688675
13.07.2018	0.46141629670687573
14.07.2018	0.9317733352256599
15.07.2018	0.6819762947417212
16.07.2018	0.2710642655264752
17.07.2018	0.26432237574182427
18.07.2018	0.24711401508467834
19.07.2018	0.19406020078094124
20.07.2018	0.2257763928946171
21.07.2018	0.21388723781159868
22.07.2018	0.16151108892273697
23.07.2018	0.22329582922220975
24.07.2018	0.2059941317197782
25.07.2018	0.1933760070805755
26.07.2018	0.18073960662782798
27.07.2018	0.14546941367403113
28.07.2018	0.15221757875237876
29.07.2018	0.12505797060621107
30.07.2018	0.14903747049001417
31.07.2018	0.15883579085567778
01.08.2018	0.40860315799357505
02.08.2018	0.12830687432979246
03.08.2018	0.1437375161050566
04.08.2018	0.11720838019675371
05.08.2018	0.10339922285068617
06.08.2018	0.1565490171500004
07.08.2018	0.2584074310561989
08.08.2018	0.5691298449485471
09.08.2018	0.5090850222125937
10.08.2018	0.3430460812756062
11.08.2018	0.14583193330146227
12.08.2018	0.10572856716080034
13.08.2018	0.13474408798275778
14.08.2018	0.1509910832347752
15.08.2018	0.13141460741355532
16.08.2018	0.1237275475454149
17.08.2018	0.3145545404314611
18.08.2018	0.1519230515173665
19.08.2018	0.12043371945222377
20.08.2018	0.10485439220130655
21.08.2018	0.10716417329507871
22.08.2018	0.19486500020998326
23.08.2018	0.10765182489007513
24.08.2018	0.17539233795339323
25.08.2018	0.09184246988998011
26.08.2018	0.1063508781595603
27.08.2018	0.11049342399787052
28.08.2018	0.11750143706505894
29.08.2018	0.15878913270562475
30.08.2018	0.12246075724859516
31.08.2018	0.13390815772329548
01.09.2018	0.09521859628742314
02.09.2018	0.09365212886179189
03.09.2018	0.11206155247964675
04.09.2018	0.12444948148532153
05.09.2018	0.10937587582073768
06.09.2018	0.0984021452579024
07.09.2018	0.1074833941850846
08.09.2018	0.08152037821254811
09.09.2018	0.08049277258844252
10.09.2018	0.08033380114133605
11.09.2018	0.0931094869819678
12.09.2018	0.09492093632268449
13.09.2018	0.08962962459695992
14.09.2018	0.09752569483764251
15.09.2018	0.08654478284385611
16.09.2018	0.094248011903164
17.09.2018	0.10275690619900608
18.09.2018	0.147879036436028
19.09.2018	0.16810233805239247
20.09.2018	0.11313638393367421
21.09.2018	0.12817177353742526
22.09.2018	0.11764118189734936
23.09.2018	0.10004758508762776
24.09.2018	0.11833345639781949
25.09.2018	0.12071707377008895
26.09.2018	0.11621294408879292
27.09.2018	0.1131758730464737
28.09.2018	0.12959399815071893
29.09.2018	0.15961493515404154
30.09.2018	0.1255200781682708
01.10.2018	0.14600486756489953
02.10.2018	0.1483317389646094
03.10.2018	0.09739909250075625
04.10.2018	0.08923755067829614
05.10.2018	0.0953271969502109
06.10.2018	0.06596776854344845
07.10.2018	0.07913016717458644
08.10.2018	0.1045965633895692
09.10.2018	0.09732254121202652
10.10.2018	0.11443589629783057
11.10.2018	0.11175485667944493
12.10.2018	0.17212998739615756
13.10.2018	0.07027659474574036
14.10.2018	0.07475854941667959
15.10.2018	0.09533102800077442
16.10.2018	0.08249579157839614
17.10.2018	0.08831746860023225
18.10.2018	0.08371245001483048
19.10.2018	0.08890111029568906
20.10.2018	0.08623126369059374
21.10.2018	0.07787812097684645
22.10.2018	0.0815196851214237
23.10.2018	0.09141201236187385
24.10.2018	0.09744840231206339
25.10.2018	0.10160964123121503
26.10.2018	0.10218802922767153
27.10.2018	0.08791842397757799
28.10.2018	0.07941588728418827
29.10.2018	0.09156546465737385
30.10.2018	0.08916323643775735
31.10.2018	0.0916176759892448
01.11.2018	0.08979648463498281
02.11.2018	0.09650339437687835
03.11.2018	0.09776629582544172
04.11.2018	0.0803776736981061
05.11.2018	0.10838815872458127
06.11.2018	0.11294532829240743
07.11.2018	0.11111987655544196
08.11.2018	0.14065048507194286
09.11.2018	0.1035040593414502
10.11.2018	0.07755049268305453
11.11.2018	0.0685416153306395
12.11.2018	0.08983936783335002
13.11.2018	0.08785727810234391
14.11.2018	0.10218416280249402
15.11.2018	0.09847620943608562
16.11.2018	0.09059033731028628
17.11.2018	0.06769352991598607
18.11.2018	0.07196061821399802
19.11.2018	0.0823095706833616
20.11.2018	0.07520881356642331
21.11.2018	0.059898110672731944
22.11.2018	0.06314841287069936
23.11.2018	0.06101419640589924
24.11.2018	0.05403332901616033
25.11.2018	0.05196077615065921
26.11.2018	0.05438835595755422
27.11.2018	0.046203229583440794
28.11.2018	0.05630602697711233
29.11.2018	0.07379280051836837
30.11.2018	0.0822329607605076
01.12.2018	0.0584186109634853
02.12.2018	0.0531833925986958
03.12.2018	0.05888829874375856
04.12.2018	0.054684358831947895
05.12.2018	0.056433051473130345
06.12.2018	0.0537902219296676
07.12.2018	0.04569189419776363
08.12.2018	0.03526096987129356
09.12.2018	0.03233625173501423
10.12.2018	0.03966172594658044
11.12.2018	0.04151099792065906
12.12.2018	0.039213207918076254
13.12.2018	0.05025164239705148
14.12.2018	0.07788715246940527
15.12.2018	0.0319999876336832
16.12.2018	0.02811600168096923
17.12.2018	0.036530465260756116
18.12.2018	0.09799547215980722
19.12.2018	0.05007905646668695
20.12.2018	0.0490703805522381
21.12.2018	0.05677374354573237
22.12.2018	0.05159455574308556
23.12.2018	0.054933814387415854
24.12.2018	0.06786878144013798
25.12.2018	0.0670344296743064
26.12.2018	0.09397653492998452
27.12.2018	0.056084312540127655
28.12.2018	0.05443960262329033
29.12.2018	0.05558733137107824
30.12.2018	0.06671601961974166
31.12.2018	0.06393731618431092
01.01.2019	0.05953392346041056
02.01.2019	0.0596639070517092
03.01.2019	0.06295438716905716
04.01.2019	0.06494697400313887
05.01.2019	0.10382863965123379
06.01.2019	0.060948524583549775
07.01.2019	0.07120154811356645
08.01.2019	0.06081277811132284
09.01.2019	0.059159180471940825
10.01.2019	0.0680224592577234
11.01.2019	0.051981540506797375
12.01.2019	0.04984709074395558
13.01.2019	0.047527654176737044
14.01.2019	0.06537818789494046
15.01.2019	0.07080259144208435
16.01.2019	0.07555214336899216
17.01.2019	0.0528485456805014
18.01.2019	0.05567709119431179
19.01.2019	0.04788104327135589
20.01.2019	0.05197097575500576
21.01.2019	0.051532165710166916
22.01.2019	0.07236851105490419
23.01.2019	0.05124545593097142
24.01.2019	0.055515466213458285
25.01.2019	0.05144657057764816
26.01.2019	0.046605986286991724
27.01.2019	0.04343887061980427
28.01.2019	0.052593736752091606
29.01.2019	0.04213173669339042
30.01.2019	0.043065444234491025
31.01.2019	0.049870658008117394
01.02.2019	0.04456951108970175
02.02.2019	0.0410053201808756
03.02.2019	0.04095757461910336
04.02.2019	0.04584154609446029
05.02.2019	0.04180254559580587
06.02.2019	0.0429029813285867
07.02.2019	0.046346702560172086
08.02.2019	0.04277990117227405
09.02.2019	0.0463291440513353
10.02.2019	0.04849173083397591
11.02.2019	0.05443222731808352
12.02.2019	0.05061861066023774
13.02.2019	0.05499166589446589
14.02.2019	0.07038658459884424
15.02.2019	0.05726067638874773
16.02.2019	0.05388175753108318
17.02.2019	0.055216017337702136
18.02.2019	0.07222885808374792
19.02.2019	1.4492930378927193
20.02.2019	0.07420387023067647
21.02.2019	0.07145372724001112
22.02.2019	0.06987625075106088
23.02.2019	0.06868161196544041
24.02.2019	0.07765942003567662
25.02.2019	0.07120396830986667
26.02.2019	0.07632997516224661
27.02.2019	0.06850059784080341
28.02.2019	0.08788253494093794
01.03.2019	0.06220741188570492
02.03.2019	0.053865301301579196
03.03.2019	0.05156501490174411
04.03.2019	0.05263334306332604
05.03.2019	0.054134903429288714
06.03.2019	0.05945428788881535
07.03.2019	0.05994392011460352
08.03.2019	0.05859683039947912
09.03.2019	0.051096408719563974
10.03.2019	0.053936921195899115
11.03.2019	0.053099636518080265
12.03.2019	0.04963447039066765
13.03.2019	0.05106715932597587
14.03.2019	0.04535058629461801
15.03.2019	0.0448177589098775
16.03.2019	0.04503843090782319
17.03.2019	0.0619243517226779
18.03.2019	0.7562239788905591
19.03.2019	0.059337152450591096
20.03.2019	0.0519521624887677
21.03.2019	0.05786603403728491
22.03.2019	0.05251661627154787
23.03.2019	0.046016750884527245
24.03.2019	0.04715371431929653
25.03.2019	0.0530595834826971
26.03.2019	0.054516747499274314
27.03.2019	0.057951414217764056
28.03.2019	0.052265522283756874
29.03.2019	0.05551608692928154
30.03.2019	0.047615562083907395
31.03.2019	0.053051042657228
01.04.2019	0.05592496776565115
02.04.2019	0.05940517539772909
03.04.2019	0.08824353984342923
04.04.2019	0.06894640297155552
05.04.2019	0.059923091136945945
06.04.2019	0.058695532351005636
07.04.2019	0.06066925806703126
08.04.2019	0.06949295292150601
09.04.2019	0.06742901136238874
10.04.2019	0.08050129118668162
11.04.2019	0.0700752931692355
12.04.2019	0.05796520424341592
13.04.2019	0.053637208155930274
14.04.2019	0.05342004418783901
15.04.2019	0.05520134042787601
16.04.2019	0.05410293551239246
17.04.2019	0.05985532299097501
18.04.2019	0.06611311480227151
19.04.2019	0.06319804501319803
20.04.2019	0.04940138673258401
21.04.2019	0.05321963990127471
22.04.2019	0.056507602269638496
23.04.2019	0.05826459136627468
24.04.2019	0.061962445028975376
25.04.2019	0.053956808275060414
26.04.2019	0.05739363586233741
27.04.2019	0.04701256175996
28.04.2019	0.04688465491124855
29.04.2019	0.0489249412497298
30.04.2019	0.048531274061514085
01.05.2019	0.04755670479773888
02.05.2019	0.18218242812494176
03.05.2019	0.05407396383578166
04.05.2019	0.05189120187774179
05.05.2019	0.04810430995193695
06.05.2019	0.0519871545608123
07.05.2019	0.06833391474987197
08.05.2019	0.055521152404217164
09.05.2019	0.05836376431212166
10.05.2019	0.0660113277604324
11.05.2019	0.05826667758213892
12.05.2019	0.06460275002097005
13.05.2019	0.0808620694960256
14.05.2019	0.08052245863345826
15.05.2019	0.10732430192016798
16.05.2019	0.1584712232623478
17.05.2019	0.1487843738694027
18.05.2019	0.12017618749786972
19.05.2019	0.10953671068352298
20.05.2019	0.1314387985906046
21.05.2019	0.10172047835797181
22.05.2019	0.13799927376996826
23.05.2019	0.11425693390822614
24.05.2019	0.11960083588988236
25.05.2019	0.09965656345791665
26.05.2019	0.0879895838783957
27.05.2019	0.12741692526258058
28.05.2019	0.13547512589736738
29.05.2019	0.14945164274229358
30.05.2019	0.15459257377612606
31.05.2019	0.13644213741911737
01.06.2019	0.12010909134210615
02.06.2019	0.09452721972293676
03.06.2019	0.1201242838953975
04.06.2019	0.11627254204445407
05.06.2019	0.1160581904044285
06.06.2019	0.1041374654885991
07.06.2019	0.11240298904071826
08.06.2019	0.14778864189974492
09.06.2019	0.09674267964119307
10.06.2019	0.145521730372215
11.06.2019	0.12819888312560637
12.06.2019	0.08102514812974583
13.06.2019	0.10587115722735176
14.06.2019	0.12974032856850956
15.06.2019	0.14790053222450197
16.06.2019	0.09309206739807926
17.06.2019	0.16480824504010258
18.06.2019	0.1230003220809668
19.06.2019	0.13406311581085664
20.06.2019	0.17508911666189456
21.06.2019	0.11612225264029949
22.06.2019	0.12225189041302233
23.06.2019	0.13731880516716988
24.06.2019	0.14737285182167906
25.06.2019	0.19765100524927107
26.06.2019	0.18384409762603207
27.06.2019	0.21781336894018763
28.06.2019	0.18114816221975027
29.06.2019	0.14911874207695625
30.06.2019	0.17113426483173194
01.07.2019	0.19546425572044757
02.07.2019	0.15377345700187015
03.07.2019	0.12305629783573702
04.07.2019	0.1186365218339197
05.07.2019	0.1467320571524958
06.07.2019	0.14253211630655968
07.07.2019	0.10498214823905594
08.07.2019	0.16044871797066101
09.07.2019	0.13642940953776073
10.07.2019	0.12437835215695359
11.07.2019	0.17340856474255362
12.07.2019	0.11780469196770371
13.07.2019	0.10699670289125202
14.07.2019	0.1243016461389527
15.07.2019	0.10633840883023743
16.07.2019	0.16990576332395946
17.07.2019	0.12732302292841324
18.07.2019	0.09419423921056472
19.07.2019	0.13531070479904608
20.07.2019	0.08937802711055663
21.07.2019	0.09667725393924473
22.07.2019	0.08911700484203497
23.07.2019	0.09709254343871597
24.07.2019	0.1408702897294719
25.07.2019	0.13737637126768903
26.07.2019	0.092003507756078
27.07.2019	0.08883979264236892
28.07.2019	0.07740353350743467
29.07.2019	0.08843333133938672
30.07.2019	0.09003929039288558
31.07.2019	0.09161794214343018
01.08.2019	0.13869658421536157
02.08.2019	0.10981797184001839
03.08.2019	0.13599118328752963
04.08.2019	0.08131228578122168
05.08.2019	0.09024649350869463
06.08.2019	0.094373054138111
07.08.2019	0.08990884280557944
08.08.2019	0.09951785328953576
09.08.2019	0.10047884333881243
10.08.2019	0.0899481817035745
11.08.2019	0.08365597889356965
12.08.2019	0.09204975607776948
13.08.2019	0.11730541433043817
14.08.2019	0.08301687982352295
15.08.2019	0.08784547381751628
16.08.2019	0.07548906828622852
17.08.2019	0.06574364948710001
18.08.2019	0.06992600794558364
19.08.2019	0.09137902145093608
20.08.2019	0.09474761169911933
21.08.2019	0.10812059453871968
22.08.2019	0.09435840334119723
23.08.2019	0.09226242537485656
24.08.2019	0.08715093700028666
25.08.2019	0.09021185594989561
26.08.2019	0.10687731942752741
27.08.2019	0.09586627693892782
28.08.2019	0.09333681454132721
29.08.2019	0.08965176318449763
30.08.2019	0.08947372167995726
31.08.2019	0.08420650184209935
01.09.2019	0.08557475788954216
02.09.2019	0.09257009266115084
03.09.2019	0.0920091152044113
04.09.2019	0.09184546684053892
05.09.2019	0.10790014755910174
06.09.2019	0.10884574497973162
07.09.2019	0.10150950362135844
08.09.2019	0.11382303749848716
09.09.2019	0.12625713657825066
10.09.2019	0.13565531091882982
11.09.2019	0.13042308174906778
12.09.2019	0.13998124570442702
13.09.2019	0.1370610212699638
14.09.2019	0.14150450322699612
15.09.2019	0.14838490585260247
16.09.2019	0.1491659375525691
17.09.2019	0.1799511566631854
18.09.2019	0.20190388271822807
19.09.2019	0.21577589439838665
20.09.2019	0.2182910510150621
21.09.2019	0.18512978212920544
22.09.2019	0.16687123107210924
23.09.2019	0.19325251830309745
24.09.2019	0.20796996266062542
25.09.2019	0.20460560129976654
26.09.2019	0.1654782684610632
27.09.2019	0.15823554082041372
28.09.2019	0.16431293993574658
29.09.2019	0.18350720278737248
30.09.2019	0.16358256016975053
01.10.2019	0.12337870420044214
02.10.2019	0.1118711549961944
03.10.2019	0.16518297006799218
04.10.2019	0.12167715192083574
05.10.2019	0.10885372053581402
06.10.2019	0.09733063855057442
07.10.2019	0.09740769896768595
08.10.2019	0.09877798052284374
09.10.2019	0.11123373454433093
10.10.2019	0.11080768971107964
11.10.2019	0.10825223466978111
12.10.2019	0.09912757220407582
13.10.2019	0.10414154951421772
14.10.2019	0.10298430731848039
15.10.2019	0.10413156333846223
16.10.2019	0.09673159518471085
17.10.2019	0.09107534742889244
18.10.2019	0.0933159716346992
19.10.2019	0.08842017190636275
20.10.2019	0.09797066865233367
21.10.2019	0.09499397291022335
22.10.2019	0.10411090132277373
23.10.2019	0.11327280253877532
24.10.2019	0.09155384896574986
25.10.2019	0.09332883655851103
26.10.2019	0.10460277327579803
27.10.2019	0.0967307385724436
28.10.2019	0.10759082386363636
29.10.2019	0.10684548817048221
30.10.2019	0.11271627656518063
31.10.2019	0.10758970348750303
01.11.2019	0.10369874590920322
02.11.2019	0.09679355720764073
03.11.2019	0.09999792886810963
04.11.2019	0.09898317707624579
05.11.2019	0.09805372755580881
06.11.2019	0.09692259802394522
07.11.2019	0.11275936515741118
08.11.2019	0.09426324189149499
09.11.2019	0.09418445557756035
10.11.2019	0.09231873473261658
11.11.2019	0.10128431764179208
12.11.2019	0.0968121134341541
13.11.2019	0.0997236040761177
14.11.2019	0.10556113543700844
15.11.2019	0.09783349363011402
16.11.2019	0.08763277584876926
17.11.2019	0.09148651761687475
18.11.2019	0.1322690324945028
19.11.2019	0.09496873672364312
20.11.2019	0.10055064947403423
21.11.2019	0.106627012378394
22.11.2019	0.12031094469773924
23.11.2019	0.07799420918002005
24.11.2019	0.08021307152114289
25.11.2019	0.0991605089837087
26.11.2019	0.08967454512111644
27.11.2019	0.07956028843143176
28.11.2019	0.0827698788655784
29.11.2019	0.07721096034732483
30.11.2019	0.078612153719947
01.12.2019	0.09371859784770663
02.12.2019	0.08438296710170438
03.12.2019	0.07765324589255863
04.12.2019	0.07776021586955141
05.12.2019	0.07394659435872729
06.12.2019	0.07645090566866393
07.12.2019	0.07063605149349783
08.12.2019	0.059138454655430724
09.12.2019	0.06854061360783517
10.12.2019	0.07202605828747437
11.12.2019	0.07467754465747158
12.12.2019	0.07098068835142562
13.12.2019	0.06905235011576485
14.12.2019	0.06878019185486038
15.12.2019	0.07075378673708975
16.12.2019	0.07364076168388937
17.12.2019	0.07534875804032237
18.12.2019	0.07437436421912297
19.12.2019	0.07083280465691326
20.12.2019	0.06821933257259095
21.12.2019	0.06304093707218492
22.12.2019	0.058582217325535695
23.12.2019	0.06566122672572271
24.12.2019	0.060165383247430454
25.12.2019	0.06119056766840088
26.12.2019	0.05964631622788301
27.12.2019	0.060752135317814246
28.12.2019	0.05875705818567462
29.12.2019	0.05817482077983396
30.12.2019	0.06420353600573753
31.12.2019	0.07241382115845076
01.01.2020	0.0624252854638102
02.01.2020	0.05517984373123612
03.01.2020	0.05833383931119982
04.01.2020	0.0514477809964101
05.01.2020	0.053233648184435836
06.01.2020	0.05813590132849859
07.01.2020	0.05917601103153295
08.01.2020	0.07056297573271164
09.01.2020	0.060466374641510626
10.01.2020	0.06416030589267559
11.01.2020	0.06465209747574517
12.01.2020	0.06330290534714562
13.01.2020	0.06216097250310053
14.01.2020	0.079129624098303
15.01.2020	0.07130898989177477
16.01.2020	0.062130240090677406
17.01.2020	0.06788254592001494
18.01.2020	0.07078037153120662
19.01.2020	0.07019539477082322
20.01.2020	0.06333118150063656
21.01.2020	0.06284314850282186
22.01.2020	0.06466606428159909
23.01.2020	0.057166666509324865
24.01.2020	0.05295389839041319
25.01.2020	0.04809817133850274
26.01.2020	0.04910660764593096
27.01.2020	0.05745767500465593
28.01.2020	0.057177846300710815
29.01.2020	0.061142360441485015
30.01.2020	0.06537213980973844
31.01.2020	0.07002322405866249
01.02.2020	0.06458794469377532
02.02.2020	0.0662209704670737
03.02.2020	0.07352497556694233
04.02.2020	0.08971734128285085
05.02.2020	0.08941428386450745
06.02.2020	0.10194846004686288
07.02.2020	0.11601876937778278
08.02.2020	0.10394089834283415
09.02.2020	0.09951977066825106
10.02.2020	0.10293203738800992
11.02.2020	0.10128768427189769
12.02.2020	0.1130552604598367
13.02.2020	0.13377953701472592
14.02.2020	0.13282175580382957
15.02.2020	0.1432999068217282
16.02.2020	0.11965227871657234
17.02.2020	0.11735445079616631
18.02.2020	0.11373855509157199
19.02.2020	0.1292712905682285
20.02.2020	0.12075905946605381
21.02.2020	0.09833972064769496
22.02.2020	0.10684006474742357
23.02.2020	0.1277556176699969
24.02.2020	0.12899616060253807
25.02.2020	0.12223184073970715
26.02.2020	0.12311663950529927
27.02.2020	0.10200021723229152
28.02.2020	0.1051291056904445
29.02.2020	0.0916208883665205
01.03.2020	0.08894411973596257
02.03.2020	0.08515209895605674
03.03.2020	0.0988880329733363
04.03.2020	0.09603470605034946
05.03.2020	0.10204492532889568
06.03.2020	0.10230475873825498
07.03.2020	0.10766311314488156
08.03.2020	0.1123890031723797
09.03.2020	0.10538058341436779
10.03.2020	0.09069809874441585
11.03.2020	0.09918829468442293
12.03.2020	0.43485783822781293
13.03.2020	0.28119966521931256
14.03.2020	0.09302524188308837
15.03.2020	0.07592648886091774
16.03.2020	0.13674857839127297
17.03.2020	0.09027388051874814
18.03.2020	0.07612298642548894
19.03.2020	0.08119826648322886
20.03.2020	0.08770816853595204
21.03.2020	0.06453438595508765
22.03.2020	0.07041311129222856
23.03.2020	0.07030067613658236
24.03.2020	0.0757190588798708
25.03.2020	0.07748288947464098
26.03.2020	0.07552937004305461
27.03.2020	0.07306862348988587
28.03.2020	0.06092354655241676
29.03.2020	0.061607107670654464
30.03.2020	0.05959349268699788
31.03.2020	0.07050534748054729
01.04.2020	0.06670426881564731
02.04.2020	0.07152022186947582
03.04.2020	0.07175881198753602
04.04.2020	0.06204240208196711
05.04.2020	0.06465549251627697
06.04.2020	0.08064980290622654
07.04.2020	0.09155293042205569
08.04.2020	0.07582821992163628
09.04.2020	0.08854617571717635
10.04.2020	0.0854664742676443
11.04.2020	0.07294123665264142
12.04.2020	0.06711544126796491
13.04.2020	0.07884344664691427
14.04.2020	0.07878515059255796
15.04.2020	0.07570658952835509
16.04.2020	0.09183392733434592
17.04.2020	0.08609135954328667
18.04.2020	0.0861445069360154
19.04.2020	0.09424102557823033
20.04.2020	0.09975962386080174
21.04.2020	0.09703760952562983
22.04.2020	0.09994831110083599
23.04.2020	0.1068830516406772
24.04.2020	0.10527124870675816
25.04.2020	0.09891460958202598
26.04.2020	0.1052514848053435
27.04.2020	0.10973583634412178
28.04.2020	0.10391082643334627
29.04.2020	0.13367128350743518
30.04.2020	0.19649450887015465
01.05.2020	0.11551302538920391
02.05.2020	0.10141089103573013
03.05.2020	0.10800899714487275
04.05.2020	0.12411733481225949
05.05.2020	0.13090250989838112
06.05.2020	0.15066843174196584
07.05.2020	0.16079353284331055
08.05.2020	0.1716918452899758
09.05.2020	0.15045929237152797
10.05.2020	0.24003396222115198
11.05.2020	0.18241750958228953
12.05.2020	0.1955201852385122
13.05.2020	0.23771127821927135
14.05.2020	0.3225254853929357
15.05.2020	0.262418894448282
16.05.2020	0.20007201377151618
17.05.2020	0.2138762509112766
18.05.2020	0.29636011817266933
19.05.2020	0.29011743096258624
20.05.2020	0.3061100974864372
21.05.2020	0.38755512876148984
22.05.2020	0.2661056042827284
23.05.2020	0.17638438978396304
24.05.2020	0.2317942634555216
25.05.2020	0.2958567187216004
26.05.2020	0.2903328597518397
27.05.2020	0.31809711251595235
28.05.2020	0.30603087215596014
29.05.2020	0.2807984758615612
30.05.2020	0.27177415838130126
31.05.2020	0.263125383675528
01.06.2020	0.27681965117340884
02.06.2020	0.32354329252710534
03.06.2020	0.2692534602402596
04.06.2020	0.2899381165991772
05.06.2020	0.29285761368523233
06.06.2020	0.36289212895141626
07.06.2020	0.3797475271218471
08.06.2020	0.3833347158395789
09.06.2020	0.3514818742895611
10.06.2020	3.8737594642671707
11.06.2020	4.803959422454877
12.06.2020	0.30567240097916565
13.06.2020	0.2687829594436263
14.06.2020	0.21858329464578816
15.06.2020	0.35899213426046434
16.06.2020	0.34638979130654746
17.06.2020	0.36138317357402744
18.06.2020	0.32877043381133564
19.06.2020	0.33377021679698177
20.06.2020	0.25642222414603727
21.06.2020	0.24277922327187912
22.06.2020	0.33442646021089606
23.06.2020	0.4006517832618872
24.06.2020	0.39257672791544557
25.06.2020	0.34132372191570515
26.06.2020	0.311976562946009
27.06.2020	0.29109558176687284
28.06.2020	0.29088461372728047
29.06.2020	0.325696320275831
30.06.2020	0.4842882089725642
01.07.2020	0.3636655931615031
02.07.2020	0.33792373527251063
03.07.2020	0.34732649515601455
04.07.2020	0.26373671840769775
05.07.2020	0.25897241169828916
06.07.2020	0.3198232441925707
07.07.2020	0.34547866350610573
08.07.2020	0.4374488181423383
09.07.2020	0.4081633764966371
10.07.2020	0.3335627489496093
11.07.2020	0.28272140068171436
12.07.2020	0.26533562581283215
13.07.2020	0.4217460066602256
14.07.2020	0.376589233899081
15.07.2020	0.4118731289717624
16.07.2020	0.4556555649570264
17.07.2020	0.4727343572366886
18.07.2020	0.3951998253255998
19.07.2020	0.4180098817675809
20.07.2020	0.5501052692885599
21.07.2020	0.6106302646484582
22.07.2020	0.58010599071092
23.07.2020	0.7000099685196097
24.07.2020	0.6995722010960288
25.07.2020	0.7323098628875485
26.07.2020	0.7323360474957137
27.07.2020	0.9808134115450712
28.07.2020	0.7592667731182194
29.07.2020	0.7898417007492874
30.07.2020	0.7732957617584417
31.07.2020	0.8886686542925838
01.08.2020	0.745928946776782
02.08.2020	1.031379950532687
03.08.2020	0.8623626202170455
04.08.2020	0.7745852226647294
05.08.2020	0.7102468232883947
06.08.2020	0.817786335109012
07.08.2020	0.993935647811903
08.08.2020	0.8328244967462272
09.08.2020	1.0011183142577023
10.08.2020	1.4461218112633687
11.08.2020	1.6904878650580126
12.08.2020	2.7201092217002745
13.08.2020	3.353223315500211
14.08.2020	2.973462362986039
15.08.2020	1.7235148204845456
16.08.2020	1.4539239756502376
17.08.2020	1.6463095760641209
18.08.2020	1.897272645355485
19.08.2020	1.9135222862582104
20.08.2020	1.5295427615907702
21.08.2020	2.1730938035100023
22.08.2020	1.3243862463819909
23.08.2020	1.0713687282634206
24.08.2020	1.2219223791687293
25.08.2020	1.4433578555974842
26.08.2020	1.1123441549326394
27.08.2020	1.2220330681909326
28.08.2020	1.1107664829201194
29.08.2020	1.3152876718939794
30.08.2020	2.735004979816327
31.08.2020	3.235825208656838
01.09.2020	6.197255443142974
02.09.2020	7.362650764646632
03.09.2020	5.440160284067321
04.09.2020	2.817322508179481
05.09.2020	3.2954034962616365
06.09.2020	1.3503427339472007
07.09.2020	1.269739849680954
08.09.2020	1.142809277473993
09.09.2020	1.3115942766022344
10.09.2020	2.0028281999948
11.09.2020	1.8114412812649083
12.09.2020	1.273920521194551
13.09.2020	1.4750179537934995
14.09.2020	2.37941564184727
15.09.2020	2.2549012618764848
16.09.2020	1.7866299115388937
17.09.2020	6.093537010259994
18.09.2020	4.021463020164889
19.09.2020	2.1569535032775975
20.09.2020	1.6647922059814981
21.09.2020	2.2041620097618724
22.09.2020	1.7657360914372657
23.09.2020	1.4239124046974263
24.09.2020	1.1260602369652875
25.09.2020	1.1777400105992997
26.09.2020	0.9432234884231404
27.09.2020	0.964090371305131
28.09.2020	1.4366983963838142
29.09.2020	1.8038955974565896
30.09.2020	1.4068919336348267
01.10.2020	1.1550330217512346
02.10.2020	1.0796130913198103
03.10.2020	0.866864662732382
04.10.2020	0.8856416025222165
05.10.2020	1.086779399321409
06.10.2020	1.2238651777410354
07.10.2020	0.9574420943341112
08.10.2020	0.9145200388026198
09.10.2020	0.9273554904011042
10.10.2020	0.7517851284543227
11.10.2020	0.5913078540355188
12.10.2020	0.9617798038254705
13.10.2020	0.9528595716263393
14.10.2020	0.9189428381994054
15.10.2020	0.8734288793600086
16.10.2020	0.7784920140267543
17.10.2020	0.4301837523054759
18.10.2020	0.5443940703787226
19.10.2020	0.783771044157849
20.10.2020	0.8273615764676288
21.10.2020	0.9232695261043576
22.10.2020	0.813570453453908
23.10.2020	0.7641998573237346
24.10.2020	0.46744231999639213
25.10.2020	0.45330160670962444
26.10.2020	0.741422588479889
27.10.2020	0.558263399751502
28.10.2020	0.8031531089102696
29.10.2020	0.8373626219345804
30.10.2020	0.7620635549073004
31.10.2020	0.45747966777059057
01.11.2020	0.39388402118066324
02.11.2020	0.7747816488589457
03.11.2020	0.5902737656539171
04.11.2020	0.46556885065844633
05.11.2020	0.686325055613542
06.11.2020	0.8509348968894532
07.11.2020	0.8706707379844487
08.11.2020	0.43217743489097854
09.11.2020	0.6717749028492512
10.11.2020	0.7287441301535648
11.11.2020	0.7572001703468086
12.11.2020	0.9120406760265436
13.11.2020	0.8390724985026271
14.11.2020	0.49626669674258544
15.11.2020	0.49016254899049017
16.11.2020	0.6806874244102089
17.11.2020	1.1381475951845736
18.11.2020	1.3770526357370247
19.11.2020	0.7049773677078303
20.11.2020	1.0485792874318038
21.11.2020	1.066639911970166
22.11.2020	1.129016688023773
23.11.2020	1.4591294616827244
24.11.2020	1.9800054339331192
25.11.2020	1.2257450645763575
26.11.2020	3.2409849985982118
27.11.2020	0.8166534106196854
28.11.2020	0.5876268383199469
29.11.2020	0.5038677982861397
30.11.2020	1.580114578673472
01.12.2020	1.939144998819647
02.12.2020	0.8502842316327996
03.12.2020	0.8994310563242766
04.12.2020	1.089023323241748
05.12.2020	0.6650117316499459
06.12.2020	0.6507093234120456
07.12.2020	0.9607071307687893
08.12.2020	1.2267837593442341
09.12.2020	1.194447859926787
10.12.2020	1.0304017415062
11.12.2020	1.1323818317148002
12.12.2020	0.7421640792542109
13.12.2020	0.7953796813689918
14.12.2020	1.1788280066479353
15.12.2020	1.6081567451586982
16.12.2020	1.6561548258533665
17.12.2020	3.0069314455226475
18.12.2020	1.543225734948294
19.12.2020	1.4419816441814217
20.12.2020	0.9347875199402544
21.12.2020	1.7495821708354353
22.12.2020	1.332826887435885
23.12.2020	2.477326770016774
24.12.2020	1.8875978923369
25.12.2020	1.8309613898704662
26.12.2020	1.3516360152989824
27.12.2020	2.171007039836235
28.12.2020	2.583675726913036
29.12.2020	2.3737911302971724
30.12.2020	2.772548975290585
31.12.2020	2.461884876384427
01.01.2021	1.5595507139142826
02.01.2021	2.499746599663276
03.01.2021	4.720269410463434
04.01.2021	10.2048194188437
05.01.2021	5.066695478609039
06.01.2021	4.732617096185043
07.01.2021	5.612318532865869
08.01.2021	6.09625416601451
09.01.2021	3.7251378323927753
10.01.2021	3.9268407883819307
11.01.2021	12.3186018530121
12.01.2021	3.406622950593265
13.01.2021	2.4321232542041717
14.01.2021	3.1927559321890957
15.01.2021	4.176221276438098
16.01.2021	3.1874761027711447
17.01.2021	2.6482275249952383
18.01.2021	3.0159367044735923
19.01.2021	4.322341212061926
20.01.2021	4.11034430229585
21.01.2021	5.837615567506639
22.01.2021	5.257367805078431
23.01.2021	3.0910582010903975
24.01.2021	3.1289428719478622
25.01.2021	4.903783091318052
26.01.2021	3.6141947147044777
27.01.2021	4.9748560096236645
28.01.2021	3.930145747743128
29.01.2021	6.470071780622693
30.01.2021	5.197362221639241
31.01.2021	5.838266257835954
01.02.2021	6.662827095622788
02.02.2021	7.999568831209224
03.02.2021	8.472413156589472
04.02.2021	13.16316887664434
05.02.2021	13.581821776697119
06.02.2021	10.339003855453562
07.02.2021	8.75910447845114
08.02.2021	11.60169817151132
09.02.2021	13.74929714424373
10.02.2021	13.388884249650303
11.02.2021	10.031992901285207
12.02.2021	10.481660690119899
13.02.2021	11.556030663272997
14.02.2021	9.224752532465066
15.02.2021	11.833004082765902
16.02.2021	10.1334457275877
17.02.2021	9.800997745847583
18.02.2021	11.018761831447918
19.02.2021	11.986082515308881
20.02.2021	13.716522308541403
21.02.2021	9.207940317196767
22.02.2021	20.68051209716028
23.02.2021	27.759708372226882
24.02.2021	11.103055502962176
25.02.2021	8.969257800918822
26.02.2021	8.140857521603998
27.02.2021	5.416324357251035
28.02.2021	5.714060924332421
01.03.2021	5.723982505847925
02.03.2021	6.398722489896847
03.03.2021	6.1470385681698545
04.03.2021	5.656397902042884
05.03.2021	6.8401090667398
06.03.2021	4.597794091663852
07.03.2021	6.942097841656624
08.03.2021	7.643303558500566
09.03.2021	8.07765573931679
10.03.2021	8.635783264493547
11.03.2021	7.892232298218305
12.03.2021	10.199826941164629
13.03.2021	9.023161255997847
14.03.2021	9.021455088839417
15.03.2021	11.553990005892373
16.03.2021	10.718606125355812
17.03.2021	11.070079767750132
18.03.2021	10.48512975737912
19.03.2021	8.798012417019564
20.03.2021	7.926120211683406
21.03.2021	7.852831886538757
22.03.2021	10.317489890089421
23.03.2021	8.287433428398932
24.03.2021	9.17439822507354
25.03.2021	8.923828102131967
26.03.2021	7.475251677611668
27.03.2021	6.245863829313969
28.03.2021	6.593980493397277
29.03.2021	7.80474050313652
30.03.2021	9.696732173582825
31.03.2021	11.914873353422848
01.04.2021	11.124568667277657
02.04.2021	10.95466264904336
03.04.2021	9.502453764149905
04.04.2021	6.8736361110431545
05.04.2021	9.625129551447111
06.04.2021	9.758116646057148
07.04.2021	10.016786214475589
08.04.2021	7.537033545497783
09.04.2021	7.669596663044837
10.04.2021	6.1143158413591605
11.04.2021	5.632317120555393
12.04.2021	7.144091260498154
13.04.2021	8.005393577028899
14.04.2021	9.845481292821393
15.04.2021	8.47152951216724
16.04.2021	14.527894982902042
17.04.2021	10.601178851764129
18.04.2021	12.066089792311628
19.04.2021	13.157735561692336
20.04.2021	17.297353800076234
21.04.2021	11.871084821574021
22.04.2021	10.440013075265549
23.04.2021	9.359165156748496
24.04.2021	4.8914967534888705
25.04.2021	3.7134188135010104
26.04.2021	4.582490572441826
27.04.2021	5.340859198584701
28.04.2021	6.599725516020873
29.04.2021	6.251351716936427
30.04.2021	5.150836042437604
01.05.2021	5.698683218620597
02.05.2021	3.873472575230008
03.05.2021	6.019397938216136
04.05.2021	7.348125647665447
05.05.2021	6.136887953337953
06.05.2021	7.372267207531922
07.05.2021	7.5693888058051435
08.05.2021	14.756333970973914
09.05.2021	15.366363754632019
10.05.2021	29.673062416575714
11.05.2021	36.15582901637166
12.05.2021	35.24486561762474
13.05.2021	20.04018809032225
14.05.2021	15.053898797508
15.05.2021	11.570932629322431
16.05.2021	9.050408221686697
17.05.2021	10.596904044711593
18.05.2021	9.232908244405568
19.05.2021	30.115288353970687
20.05.2021	9.45322894401379
21.05.2021	10.021159223942064
22.05.2021	4.29907422742823
23.05.2021	9.934375446811783
24.05.2021	4.398271820086231
25.05.2021	4.293665955403284
26.05.2021	4.081307671671533
27.05.2021	3.473496092477437
28.05.2021	3.4540766694976046
29.05.2021	2.3081951337282733
30.05.2021	1.888846484315964
31.05.2021	2.3557331937844546
01.06.2021	2.641676552475026
02.06.2021	2.692983332645945
03.06.2021	2.927381616453703
04.06.2021	2.555174156995523
05.06.2021	1.8776450604330879
06.06.2021	1.6171850227753342
07.06.2021	2.1286931722528535
08.06.2021	2.9109108993032993
09.06.2021	2.2882814306916157
10.06.2021	2.0636249199232117
11.06.2021	2.077968954384447
12.06.2021	1.6465600217352334
13.06.2021	1.632131287887035
14.06.2021	1.9168701684821903
15.06.2021	2.0419688023204627
16.06.2021	1.8922986214265718
17.06.2021	2.027447153919587
18.06.2021	1.9323592272701335
19.06.2021	1.527020429709432
20.06.2021	1.646720509314699
21.06.2021	3.465213610124277
22.06.2021	4.373360653201891
23.06.2021	1.4734618007201965
24.06.2021	1.5178334460602387
25.06.2021	1.7740364312574297
26.06.2021	1.0659717021965132
27.06.2021	2.9416263457698113
28.06.2021	1.4241920299419586
29.06.2021	1.8399758247656948
30.06.2021	3.500661673042361
01.07.2021	1.8846408100491203
02.07.2021	1.4729610608901966
03.07.2021	1.2709179773850046
04.07.2021	1.190471884580884
05.07.2021	1.9140233551278314
06.07.2021	4.0822438611542
07.07.2021	3.0764821836761973
08.07.2021	3.236324966280176
09.07.2021	2.180416172424847
10.07.2021	1.3300242143480414
11.07.2021	1.1257720929599118
12.07.2021	2.102282967580087
13.07.2021	2.1407498869014527
14.07.2021	3.3645677037357977
15.07.2021	2.7949447090912485
16.07.2021	3.6293868085891123
17.07.2021	1.8753123999677108
18.07.2021	2.315027684434909
19.07.2021	1.9434530592681822
20.07.2021	2.087833437435868
21.07.2021	1.5556215951014485
22.07.2021	2.665078607108116
23.07.2021	2.978849492724732
24.07.2021	1.6150204188783825
25.07.2021	1.7288177819200365
26.07.2021	3.1701927764648596
27.07.2021	6.582423894709298
28.07.2021	5.918050848288439
29.07.2021	2.675660390703084
30.07.2021	3.0089691595651256
31.07.2021	7.916796190374697
01.08.2021	3.709525439381376
02.08.2021	3.8452467162867454
03.08.2021	6.659801900417039
04.08.2021	3.7761596439702085
05.08.2021	8.529219568860693
06.08.2021	6.115487490129592
07.08.2021	6.34493912587932
08.08.2021	9.657577288112716
09.08.2021	8.012687489956257
10.08.2021	15.133520940669234
11.08.2021	9.351856984624263
12.08.2021	7.74669232690546
13.08.2021	12.622127010521515
14.08.2021	12.20642585816673
15.08.2021	20.500500612976133
16.08.2021	8.675471221043932
17.08.2021	7.513330651076835
18.08.2021	7.0456023685908065
19.08.2021	11.57444933447441
20.08.2021	6.357602902920541
21.08.2021	5.865111619186767
22.08.2021	4.93365660529998
23.08.2021	8.213953925998398
24.08.2021	13.444007157810265
25.08.2021	14.975756341340524
26.08.2021	13.159083467347678
27.08.2021	25.607135703795148
28.08.2021	20.055098147805147
29.08.2021	13.95781173900766
30.08.2021	21.059990541717312
31.08.2021	25.285296387111394
01.09.2021	30.36918573348546
02.09.2021	21.044057723473298
03.09.2021	35.18509777861332
04.09.2021	26.199172302670636
05.09.2021	22.529532464580406
06.09.2021	26.152317624865663
07.09.2021	29.984857336854738
08.09.2021	24.486804400839148
09.09.2021	26.70754591975226
10.09.2021	17.719855406663438
11.09.2021	8.434124725714046
12.09.2021	9.09308335608228
13.09.2021	12.653459968480217
14.09.2021	16.429912005036602
15.09.2021	10.527059899557905
16.09.2021	12.694466811485686
17.09.2021	14.033344700753329
18.09.2021	8.09182659341406
19.09.2021	15.685070680255953
20.09.2021	15.739366778866973
21.09.2021	16.207479190408286
22.09.2021	9.289479378055326
23.09.2021	18.53420049235462
24.09.2021	10.367039721352628
25.09.2021	6.8090294120298696
26.09.2021	13.082016887034095
27.09.2021	15.617573949539254
28.09.2021	14.128239365148733
29.09.2021	12.575114876826577
30.09.2021	15.451290043683867
01.10.2021	11.822463201236879
02.10.2021	11.73384032471558
03.10.2021	9.979260409195497
04.10.2021	19.25791642637305
05.10.2021	25.734517399250585
06.10.2021	19.782670303677495
07.10.2021	22.223671056048108
08.10.2021	23.457170475826317
09.10.2021	12.518045840923815
10.10.2021	16.631856976594484
11.10.2021	16.605046519846116
12.10.2021	14.407469386199589
13.10.2021	14.49508786223672
14.10.2021	20.446893582672214
15.10.2021	28.87928814506866
16.10.2021	13.534642667571674
17.10.2021	13.337753203366505
18.10.2021	34.445549139654354
19.10.2021	11.919541765185736
20.10.2021	12.095143981085874
21.10.2021	16.76755219045273
22.10.2021	14.131393317734434
23.10.2021	11.50925546958873
24.10.2021	12.35844600888975
25.10.2021	15.282185623419977
26.10.2021	21.59829952419186
27.10.2021	26.82326754868044
28.10.2021	26.210242146041427
29.10.2021	26.610497109695345
30.10.2021	26.650182029669587
31.10.2021	24.77497836333173
01.11.2021	26.459152651354035
02.11.2021	30.095690837499628
03.11.2021	27.499880079584155
04.11.2021	24.893150411301995
05.11.2021	23.43627095058511
06.11.2021	22.519536200546625
07.11.2021	16.687500718303856
08.11.2021	22.577604001381854
09.11.2021	36.82203203537125
10.11.2021	31.212300040111337
11.11.2021	26.989827534760728
12.11.2021	26.01573504835916
13.11.2021	24.440321601137992
14.11.2021	19.386748776921426
15.11.2021	29.813133651770833
16.11.2021	24.811653337848664
17.11.2021	22.562033712187883
18.11.2021	24.17680556987072
19.11.2021	19.043064309087118
20.11.2021	17.582069260752164
21.11.2021	17.80326007976425
22.11.2021	23.79051611378063
23.11.2021	21.818459812735963
24.11.2021	21.433250980191527
25.11.2021	21.689348924075162
26.11.2021	19.168907067651844
27.11.2021	24.016853843537458
28.11.2021	20.727136819207814
29.11.2021	21.191384528066553
30.11.2021	32.72675244809706
01.12.2021	26.071887017822934
02.12.2021	24.443634094572435
03.12.2021	19.51008594237884
04.12.2021	24.230365427922493
05.12.2021	15.423109743513379
06.12.2021	17.380123716598106
07.12.2021	15.908704556658758
08.12.2021	13.052128200758476
09.12.2021	14.229570676745713
10.12.2021	13.480756601669563
11.12.2021	12.86318684357504
12.12.2021	11.847970984800238
13.12.2021	13.424680763589818
14.12.2021	12.067708124238006
15.12.2021	13.409908918583737
16.12.2021	14.639562488314183
17.12.2021	20.82029139815409
18.12.2021	10.73960018058991
19.12.2021	12.798267580579127
20.12.2021	10.929108652565333
21.12.2021	10.737514209350849
22.12.2021	12.207000092057962
23.12.2021	14.170388445392312
24.12.2021	11.966678054258301
25.12.2021	10.421679133737054
26.12.2021	9.19497856652774
27.12.2021	12.79037553244475
28.12.2021	16.561520146101167
29.12.2021	21.24173733018089
30.12.2021	17.43043529129463
31.12.2021	13.948020847973144
01.01.2022	11.857718319404714
02.01.2022	19.625299392434236
03.01.2022	17.38974577778561
04.01.2022	23.670602921634615
05.01.2022	21.88910931841851
06.01.2022	19.522274554996738
07.01.2022	19.768020228451963
08.01.2022	16.757538319471823
09.01.2022	26.13650704115287
10.01.2022	26.780183376408637
11.01.2022	23.16507752079561
12.01.2022	28.44156720711339
13.01.2022	23.523511193365845
14.01.2022	26.593267975430155
15.01.2022	19.01545355484646
16.01.2022	19.01688880019575
17.01.2022	22.881343094061542
18.01.2022	17.460292726559864
19.01.2022	17.01806995677207
20.01.2022	22.487296978771127
21.01.2022	19.848204016799357
22.01.2022	15.650500143175947
23.01.2022	13.17030676357477
24.01.2022	14.479931040933467
25.01.2022	14.354380088801525
26.01.2022	14.364183355949564
27.01.2022	16.51134823937864
28.01.2022	14.705294530778934
29.01.2022	13.10608495057926
30.01.2022	17.715534600442698
31.01.2022	12.377551491355478
01.02.2022	18.417794620017453
02.02.2022	18.65368730372239
03.02.2022	13.862045625861867
04.02.2022	11.576466689534243
05.02.2022	29.37324566088745
06.02.2022	9.253252861365663
07.02.2022	15.634676992305586
08.02.2022	11.143040467725845
09.02.2022	11.379176469761077
10.02.2022	13.472666878046878
11.02.2022	9.055619260632437
12.02.2022	8.047122816741927
13.02.2022	7.120507365719473
14.02.2022	7.8215421325226595
15.02.2022	10.423953680792012
16.02.2022	10.502917993371124
17.02.2022	9.537614954411328
18.02.2022	11.609462505142378
19.02.2022	9.090865651941558
20.02.2022	6.853502562845164
21.02.2022	10.231763242004545
22.02.2022	9.453593858168464
23.02.2022	13.08125653534085
24.02.2022	8.159649039526405
25.02.2022	7.7129436028709275
26.02.2022	7.940117598208021
27.02.2022	5.136334633828443
28.02.2022	6.934615977985354
01.03.2022	6.696987180614947
02.03.2022	6.221786948311532
03.03.2022	5.647890484710581
04.03.2022	5.045586544097916
05.03.2022	4.059061108830397
06.03.2022	4.186179194075042
07.03.2022	3.80415831532576
08.03.2022	3.637118787122957
09.03.2022	3.834538204158206
10.03.2022	3.51087051084017
11.03.2022	3.4113787857351663
12.03.2022	2.757466587394512
13.03.2022	5.277221403964467
14.03.2022	3.645232859740738
15.03.2022	3.6911156186118204
16.03.2022	3.975107982244337
17.03.2022	6.765055175349017
18.03.2022	6.509305847294904
19.03.2022	3.6027369401661207
20.03.2022	3.00646330737759
21.03.2022	3.7561418496728742
22.03.2022	4.936819444813882
23.03.2022	4.501792228390676
24.03.2022	5.941860279780226
25.03.2022	6.233416257676351
26.03.2022	3.963429129367455
27.03.2022	11.028817165662128
28.03.2022	7.937967363714565
29.03.2022	5.6601290802257855
30.03.2022	7.170456805195463
31.03.2022	6.815652852858386
01.04.2022	8.584689480013392
02.04.2022	10.823121111023706
03.04.2022	6.466035053803995
04.04.2022	8.648892064349385
05.04.2022	41.88768924620857
06.04.2022	8.073416426275244
07.04.2022	8.623162649316914
08.04.2022	7.925761347337566
09.04.2022	4.653182949848799
10.04.2022	7.561865465308359
11.04.2022	6.268242103081177
12.04.2022	6.252099567915167
13.04.2022	6.228676641959098
14.04.2022	6.4874505368732995
15.04.2022	4.95845119282366
16.04.2022	3.9735935655400993
17.04.2022	4.110272273945486
18.04.2022	4.743594423666943
19.04.2022	5.531247103568024
20.04.2022	7.880118754875389
21.04.2022	7.852461646151719
22.04.2022	7.009670696939957
23.04.2022	4.209220981964395
24.04.2022	4.169472321608778
25.04.2022	6.981521380025159
26.04.2022	5.686868406917113
27.04.2022	6.530613582868796
28.04.2022	5.637351151997674
29.04.2022	5.562770888827921
30.04.2022	5.101535677116082
01.05.2022	35.46607859223582
02.05.2022	7.599563156275031
03.05.2022	6.632128490257963
04.05.2022	5.560823075615429
05.05.2022	7.43774234280241
06.05.2022	5.110869456229365
07.05.2022	3.545577582459237
08.05.2022	2.79441340577929
09.05.2022	5.492821254875747
10.05.2022	4.406380908422383
11.05.2022	11.020027161979513
12.05.2022	13.308175083865383
13.05.2022	5.029193191562749
14.05.2022	2.8925299849835198
15.05.2022	2.016313704181433
16.05.2022	2.1714611513618456
17.05.2022	2.7370464423329097
18.05.2022	2.2120091024093664
19.05.2022	2.0877118162201374
20.05.2022	2.4482578067477263
21.05.2022	2.388662873667621
22.05.2022	2.263620870035805
23.05.2022	2.457056885596318
24.05.2022	2.6975957545103135
25.05.2022	3.323969042032688
26.05.2022	4.114523652485942
27.05.2022	3.514787791427577
28.05.2022	1.6579113395887128
29.05.2022	1.902375567431055
30.05.2022	3.100342823082885
31.05.2022	5.3010004056178195
01.06.2022	5.038594253733657
02.06.2022	5.483589870586884
03.06.2022	5.852608491644306
04.06.2022	6.252588898195831
05.06.2022	5.516894621011989
06.06.2022	5.070116895542247
07.06.2022	5.133034135329816
08.06.2022	6.744596956848323
09.06.2022	7.2030316242885934
10.06.2022	4.992974387362678
11.06.2022	2.724482901723369
12.06.2022	2.4653907675545446
13.06.2022	4.261731129903722
14.06.2022	2.672576575107162
15.06.2022	2.839034265467911
16.06.2022	2.0941932284079225
17.06.2022	2.1969033491647005
18.06.2022	2.139927287651208
19.06.2022	1.1570128680821916
20.06.2022	1.3921481861914624
21.06.2022	1.8690532434229703
22.06.2022	1.675936188026627
23.06.2022	2.6159881287477234
24.06.2022	2.344135501581875
25.06.2022	2.1038094983809024
26.06.2022	2.381678485680358
27.06.2022	2.5503683066655656
28.06.2022	2.6157648533198063
29.06.2022	2.6604366909563657
30.06.2022	2.4837822151319395
01.07.2022	1.5217630881786293
02.07.2022	0.8655584954307768
03.07.2022	0.9859963158388199
04.07.2022	1.20463372060055
05.07.2022	1.7910395943103299
06.07.2022	1.6422998270743014
07.07.2022	2.200874636784139
08.07.2022	1.7213044180384236
09.07.2022	1.2013923372924915
10.07.2022	1.129538986760487
11.07.2022	2.0780239602638035
12.07.2022	1.3905096554340015
13.07.2022	1.7274114978696253
14.07.2022	2.2215504156658756
15.07.2022	1.8075920461273893
16.07.2022	1.1088352854789736
17.07.2022	1.6418734863165165
18.07.2022	1.9126596684799344
19.07.2022	2.489066419695259
20.07.2022	2.212388442548058
21.07.2022	1.345632778716742
22.07.2022	1.1742063638495819
23.07.2022	1.1176262993674748
24.07.2022	0.8452668591846825
25.07.2022	1.3013434792830387
26.07.2022	1.1938297394758004
27.07.2022	1.235316354888553
28.07.2022	1.582925223812934
29.07.2022	1.2539366914857801
30.07.2022	0.7876357839436344
31.07.2022	0.707750291132402
01.08.2022	1.23606987439855
02.08.2022	1.1385240706020676
03.08.2022	0.9661545713276997
04.08.2022	0.8974437552283223
05.08.2022	1.0704329691635153
06.08.2022	0.7991220960067087
07.08.2022	0.8489187946472226
08.08.2022	1.3883543159645935
09.08.2022	1.6904967101370574
10.08.2022	1.9019242483707075
11.08.2022	2.044830218023462
12.08.2022	1.6758708621047251
13.08.2022	1.0411700451435209
14.08.2022	1.095379543807146
15.08.2022	2.08656097338347
16.08.2022	1.198000736513593
17.08.2022	1.2387697101083255
18.08.2022	1.1403682272419784
19.08.2022	1.4495331539577567
20.08.2022	0.9059200725064784
21.08.2022	0.6335782097687379
22.08.2022	1.2350648368353137
23.08.2022	1.1159944271170146
24.08.2022	1.0223828153404702
25.08.2022	1.4133979205404648
26.08.2022	1.1080638661263424
27.08.2022	0.6851596006324295
28.08.2022	0.6701812513432154
29.08.2022	1.1469414488930925
30.08.2022	1.4832874580826307
31.08.2022	1.4295803652852206
01.09.2022	1.3857355909408633
02.09.2022	1.0863394455387614
03.09.2022	0.6341091297757281
04.09.2022	0.7481491333838721
05.09.2022	0.9295153320224541
06.09.2022	1.1081269069898123
07.09.2022	1.3857209416476575
08.09.2022	1.7968691930261667
09.09.2022	1.6678806720544217
10.09.2022	0.9277201332060837
11.09.2022	0.9179182388476902
12.09.2022	1.588381904184946
13.09.2022	1.3155539978487425
14.09.2022	0.9370565394966176
15.09.2022	1.524996743408174
16.09.2022	0.7437640269611614
17.09.2022	0.5075124486825349
18.09.2022	0.6650215652747532
19.09.2022	0.723603441681212
20.09.2022	0.8155919672696316
21.09.2022	0.9046198591735439
22.09.2022	0.7096572403214726
23.09.2022	0.679262793742302
24.09.2022	0.46764832652823307
25.09.2022	0.5698283324456995
26.09.2022	0.8216115670340159
27.09.2022	1.2380685142292893
28.09.2022	0.9975429247513302
29.09.2022	1.034094234734136
30.09.2022	0.9144396056684061
01.10.2022	0.6317689243065224
02.10.2022	0.4125199600049994
03.10.2022	0.8657279675335785
04.10.2022	0.9412364642502409
05.10.2022	1.209963840340525
06.10.2022	0.7867723618045751
07.10.2022	0.6985132810385392
08.10.2022	0.9245990432403278
09.10.2022	1.389796040638536
10.10.2022	1.6120147297424383
11.10.2022	1.3984488210109376
12.10.2022	1.156386084842023
13.10.2022	1.4622151209695862
14.10.2022	1.1553758075453284
15.10.2022	1.0168528211187335
16.10.2022	1.0385166113211355
17.10.2022	1.527862041255139
18.10.2022	1.7597396414698683
19.10.2022	1.7814391740355682
20.10.2022	1.7546428467871602
21.10.2022	1.7175821396727777
22.10.2022	1.1281447056657614
23.10.2022	0.9440796250752086
24.10.2022	1.4334030989204856
25.10.2022	1.347437082869166
26.10.2022	1.4333554995890037
27.10.2022	1.166624176705388
28.10.2022	1.2852400952656304
29.10.2022	0.9803178018869179
30.10.2022	0.7991931789712287
31.10.2022	1.534164336327738
01.11.2022	1.1636199516356363
02.11.2022	1.2774730432445862
03.11.2022	1.8114009071336037
04.11.2022	1.2992192586370903
05.11.2022	0.9463771302966466
06.11.2022	0.9604594340476881
07.11.2022	1.4000491329148566
08.11.2022	3.008194745008762
09.11.2022	2.7588431683047134
10.11.2022	1.5760025111772717
11.11.2022	1.3167295957767724
12.11.2022	0.9300044318240671
13.11.2022	0.92848957119106
14.11.2022	1.098439121076671
15.11.2022	1.3626532901149182
16.11.2022	0.9984200194577528
17.11.2022	1.1218263689425696
18.11.2022	0.8246402133967551
19.11.2022	0.7522963365952146
20.11.2022	0.6879663011633286
21.11.2022	0.714198075234423
22.11.2022	0.7514880412561179
23.11.2022	0.7678621435406362
24.11.2022	0.6448835702776988
25.11.2022	0.6011422998165541
26.11.2022	0.6152886141146539
27.11.2022	0.5923440247280242
28.11.2022	0.7615481902793655
29.11.2022	0.6654284202223628
30.11.2022	0.7366547881920499
01.12.2022	0.893049611258366
02.12.2022	0.7479661477661199
03.12.2022	0.7185201288002055
04.12.2022	0.6371376421309923
05.12.2022	0.8750847156678876
06.12.2022	0.9491168251038301
07.12.2022	1.0214479793077664
08.12.2022	0.9105610158514179
09.12.2022	1.6538144138546487
10.12.2022	0.9399133926012835
11.12.2022	0.9624356061599552
12.12.2022	0.9212985391729422
13.12.2022	1.047657527556032
14.12.2022	0.9816514996414004
15.12.2022	1.0533804430327
16.12.2022	1.0055348708874823
17.12.2022	0.7794396239479235
18.12.2022	0.8813109636111116
19.12.2022	0.920531799585105
20.12.2022	0.9241037728002218
21.12.2022	0.9971271001700436
22.12.2022	0.8994888385236487
23.12.2022	0.7839308088653886
24.12.2022	0.7087425764743153
25.12.2022	0.6352081386072339
26.12.2022	0.6976744050505375
27.12.2022	0.9671490066435359
28.12.2022	1.040767156523364
29.12.2022	0.9909940820692591
30.12.2022	0.8897203199581074
31.12.2022	0.9088504267171257
01.01.2023	0.9072570200968078
02.01.2023	1.1051747291298257
03.01.2023	1.0981583882210246
04.01.2023	1.1104105315039698
05.01.2023	1.145304156733726
06.01.2023	1.1442238473221242
07.01.2023	0.900655183287418
08.01.2023	0.8877937910386569
09.01.2023	1.2566122629982832
10.01.2023	1.2684601884246836
11.01.2023	1.3857163539707762
12.01.2023	1.2871353919443824
13.01.2023	1.753776927946518
14.01.2023	1.5181302198463311
15.01.2023	1.4985335420602666
16.01.2023	1.840871315752567
17.01.2023	1.692225147737336
18.01.2023	1.8799168346947959
19.01.2023	1.581476514816453
20.01.2023	1.5609829466656133
21.01.2023	1.2877389056826942
22.01.2023	1.1621758118655057
23.01.2023	1.3518082309635566
24.01.2023	1.6178949297201377
25.01.2023	1.59499743814328
26.01.2023	1.5049825291460395
27.01.2023	1.490491164000467
28.01.2023	1.1253823460872423
29.01.2023	1.276215509444001
30.01.2023	1.310292055152744
31.01.2023	1.8880153561044717
01.02.2023	1.7219680082686468
02.02.2023	1.9219195877897108
03.02.2023	2.070397672409221
04.02.2023	1.735559060162316
05.02.2023	1.3685016690430118
06.02.2023	1.6028672426403363
07.02.2023	2.0821398921769796
08.02.2023	2.3259301856925227
09.02.2023	2.441681518528253
10.02.2023	1.7543301269703149
11.02.2023	1.2523563028563827
12.02.2023	1.2184985648518971
13.02.2023	1.8379848302684452
14.02.2023	3.2396487830231386
15.02.2023	2.3649769290808362
16.02.2023	2.6319935601163293
17.02.2023	2.7320318714775014
18.02.2023	2.3163749625639136
19.02.2023	1.8309929746618874
20.02.2023	2.236364306388656
21.02.2023	2.221860139728401
22.02.2023	2.4066427680244793
23.02.2023	2.5478000213637895
24.02.2023	2.135507457095552
25.02.2023	1.4750731557126824
26.02.2023	1.3551894950830217
27.02.2023	1.7003331142437532
28.02.2023	1.873943113726598
01.03.2023	2.082669550803522
02.03.2023	2.051203547771362
03.03.2023	2.048625566906431
04.03.2023	1.5839207863547626
05.03.2023	1.702220972777675
06.03.2023	2.2344766810833523
07.03.2023	2.16917145557523
08.03.2023	2.253707215612444
09.03.2023	2.1999162178080467
10.03.2023	1.9684105599464166
11.03.2023	4.45068050545622
12.03.2023	1.478923240882049
13.03.2023	2.028747726548852
14.03.2023	2.141981269465234
15.03.2023	2.0862253561340047
16.03.2023	1.8190716800987745
17.03.2023	2.0221092317251035
18.03.2023	1.4117077003826488
19.03.2023	1.4155903815449384
20.03.2023	1.5637161083385178
21.03.2023	1.4320939047313552
22.03.2023	1.5175541479031918
23.03.2023	1.7818469769278715
24.03.2023	1.7303216149336684
25.03.2023	1.3720971641683606
26.03.2023	1.3480983689525317
27.03.2023	2.05604423125185
28.03.2023	1.8846493860090057
29.03.2023	2.138788981661408
30.03.2023	2.3409129777274904
31.03.2023	1.9326336983865502
01.04.2023	1.7248020739146415
02.04.2023	1.6928103944424733
03.04.2023	2.24000843625498
04.04.2023	2.318377735993213
05.04.2023	2.57337699203172
06.04.2023	2.2700853996092216
07.04.2023	2.08549884644675
08.04.2023	1.9124449101197698
09.04.2023	1.668019166043109
10.04.2023	2.022625360571798
11.04.2023	2.455506464470513
12.04.2023	1.8863754469033738
13.04.2023	2.6799386651905786
14.04.2023	2.476275804892901
15.04.2023	2.0563006261658314
16.04.2023	2.4913264996156865
17.04.2023	2.8181769000836194
18.04.2023	4.077604587440478
19.04.2023	5.56819126570138
20.04.2023	4.841858451575848
21.04.2023	3.0096253581784373
22.04.2023	2.657823371906189
23.04.2023	3.033370962955788
24.04.2023	3.199764772557009
25.04.2023	2.749709007079158
26.04.2023	2.8888417786956886
27.04.2023	2.828721172389923
28.04.2023	2.899600525414734
29.04.2023	2.5647466460337074
30.04.2023	3.1185143886854654
01.05.2023	4.598754686723845
02.05.2023	5.447932227783698
03.05.2023	5.137745419192852
04.05.2023	5.365651871263762
05.05.2023	9.323952539986475
06.05.2023	9.142184761970835
07.05.2023	7.437384238976897
08.05.2023	7.2962823910886465
09.05.2023	6.2232647580792815
10.05.2023	6.421390599515043
11.05.2023	6.688807401357357
12.05.2023	4.768891335997883
13.05.2023	3.062720042852678
14.05.2023	2.9755489521668
15.05.2023	4.1551300581874635
16.05.2023	3.9078415237396897
17.05.2023	3.7407318383606065
18.05.2023	3.737892685583847
19.05.2023	3.268553059395261
20.05.2023	2.30415943284136
21.05.2023	2.4046013703968305
22.05.2023	3.301939336386349
23.05.2023	3.5473187978231917
24.05.2023	3.1695294525506066
25.05.2023	2.8389917987967883
26.05.2023	2.3181842987766097
27.05.2023	1.838599811785711
28.05.2023	2.211579339625193
29.05.2023	2.631017003438345
30.05.2023	3.2609451496919726
31.05.2023	2.945657258827086
01.06.2023	3.2370689926718113
02.06.2023	2.6270165742690454
03.06.2023	1.8916734812594753
04.06.2023	1.7926916903609693
05.06.2023	2.8214890883760426
06.06.2023	2.177429909258287
07.06.2023	1.9185331207324199
08.06.2023	1.992201739823031
09.06.2023	2.076677730410705
10.06.2023	1.9130225746610685
11.06.2023	1.4418809420821708
12.06.2023	1.4603373848719736
13.06.2023	1.342656842004161
14.06.2023	1.8683355148005891
15.06.2023	1.4374166669668642
16.06.2023	1.4601193476782786
17.06.2023	1.3173283926332138
18.06.2023	1.053670527330135
19.06.2023	1.3564155532638535
20.06.2023	1.5634515816018115
21.06.2023	1.6172352412245383
22.06.2023	1.5187940625881027
23.06.2023	1.5920945396400201
24.06.2023	1.2748950732525393
25.06.2023	1.055442748440741
26.06.2023	1.2634127787894094
27.06.2023	1.4544381952361707
28.06.2023	1.6662312344094505
29.06.2023	2.526890126260752
30.06.2023	2.257136880778238
01.07.2023	1.4904237859211502
02.07.2023	1.246147108811832
03.07.2023	1.7037503547619046
04.07.2023	5.296885492931056
05.07.2023	11.639957510507058
06.07.2023	6.426714507287471
07.07.2023	2.4150668533334727
08.07.2023	1.536174157802669
09.07.2023	1.4940780027196188
10.07.2023	1.711271810311226
11.07.2023	1.8530019401650737
12.07.2023	2.2380431437249046
13.07.2023	2.6144057748893417
14.07.2023	2.085569995029429
15.07.2023	1.3237051497487669
16.07.2023	1.455110415287088
17.07.2023	1.8788328428616439
18.07.2023	2.414650352096679
19.07.2023	2.151722583651676
20.07.2023	2.2542210198560655
21.07.2023	2.158938003491355
22.07.2023	1.5743273019489927
23.07.2023	1.654708211314326
24.07.2023	2.6778047216381515
25.07.2023	2.473443255221752
26.07.2023	2.170837670322395
27.07.2023	2.807714154476028
28.07.2023	3.051499760275058
29.07.2023	1.798420093061618
30.07.2023	1.6823943528297252
31.07.2023	2.043196664048907
01.08.2023	1.8842858362743284
02.08.2023	2.0822679753861926
03.08.2023	1.9499414669065325
04.08.2023	1.6428652666267516
05.08.2023	1.248156395631471
06.08.2023	1.271859750957717
07.08.2023	2.067539881204572
08.08.2023	1.9813460965364436
09.08.2023	1.8468173254193083
10.08.2023	1.9510614580934638
11.08.2023	1.624425393778827
12.08.2023	1.2697424900752012
13.08.2023	1.3227101012925677
14.08.2023	1.9517399108445395
15.08.2023	2.409250708369009
16.08.2023	2.471158967742357
17.08.2023	3.032218745924745
18.08.2023	1.81947628318413
19.08.2023	1.1055265210730194
20.08.2023	1.264529576561559
21.08.2023	1.8854998133362326
22.08.2023	2.3381301150422487
23.08.2023	1.6980040600980302
24.08.2023	1.5951108923971895
25.08.2023	1.7123372507001768
26.08.2023	1.0079114830003715
27.08.2023	1.037343348502332
28.08.2023	2.1277822128743513
29.08.2023	2.4629210101939454
